uniprot_id,mut_code,experimental_ddg,predicted_ddg
E0WVU4,R39K,0.413479924,-0.385974
E0WVU4,S128G,-0.377629063,-0.68427765
E0WVU4,V183T,0.353728489,-1.1120336
O34627,H22K,0.3,-0.0013553293
O34627,H22W,1.2,0.13198385
O34627,V25I,0.4,0.062368587
O34627,T30M,0.5,0.7402606
O34627,A33Y,0.5,0.14297955
O34627,T50M,-0.5,0.84184194
O34627,T54Y,0.2,0.14875618
O34627,A81M,-0.4,0.6616398
O34627,V88L,-0.2,0.0
O34627,V90I,-0.7,0.15119818
O34627,N107F,0.9,0.2819342
O34627,N107Y,0.8,0.35961756
O34627,D109E,0.3,0.17032877
O34627,M111F,2.9,0.0
O34627,V120I,1.4,0.22002049
O34627,N124F,1.1,0.3226977
O34627,N124Y,2.6,0.37166917
O54310,L40A,-3.874282983,-2.0071902
O54310,V62A,-2.908699809,-1.9349475
O60828,R153S,-7.635907,-0.06433187
O60880,G93D,-0.63,-0.22978202
O60880,F87S,-1.14,-1.999682
O60880,E67D,-1.31,-0.035343803
O60880,Y54C,-1.42,-1.3874195
O60880,R55L,-1.63,0.10861208
O60880,L31P,-1.71,-2.3184123
O66523,I20V,-1.505736138,-0.62916034
O73951,D287A,-5.975143403,-0.43734828
O73951,E53A,-6.596558317,-0.39014083
O74035,D7N,1.67,-0.2040134
O74035,E8A,2.65,-0.5726817
O74035,E8Q,0.6,-0.16338724
O74035,D105A,1.58,-0.5152571
O74035,D135A,2.56,-0.83571565
O74035,I6A,-2.92,-2.0639584
O74035,I15A,-2.13,-1.1848128
O74035,I20A,-4.42,-1.5988846
O74035,L33A,-4.54,-1.7074046
O74035,I56A,-3.97,-3.006328
O74035,L92A,-2.87,-2.4210477
O74035,I102A,-4.04,-2.604795
O74035,L118A,-5.26,-1.6394475
O74035,L147A,-2.61,-2.0046344
P00004,L95I,0.2,0.002914564
P00004,L95V,-0.8,-0.5516927
P00004,L95A,-3.5,-2.4362655
P00004,H34N,1.5,0.0
P00004,H34F,0.7,0.32901448
P00004,H27V,-3.8,0.066090085
P00004,N53I,-3.1,0.56911814
P00004,P31A,-5.4,-0.720095
P00004,P31V,-5.0,-0.18667766
P00004,Y68F,-2.0,-0.0021831924
P00004,T50V,-0.22,0.0029501594
P00004,M81A,-0.76,-1.6437414
P00025,K74M,-1.0,0.073858395
P00025,K74Y,-1.05,0.11160253
P00025,K74F,-1.15,0.0019394532
P00025,K74W,-1.43,0.07794045
P00025,K73M,-1.0,0.04603939
P00025,K73Y,-1.05,0.069887556
P00025,K73F,-1.15,0.0
P00025,K73W,-1.43,0.0386248
P00044,K79W,-1.6,0.044249542
P00044,K79V,0.1,0.0004460201
P00044,K79I,-0.4,0.066638276
P00044,P77V,-1.0,-0.110845074
P00044,P77T,-1.7,-0.25139987
P00044,P77I,-1.7,0.0
P00044,K79G,-0.74,-0.26949182
P00044,K79A,-0.45,0.0
P00044,K79L,-0.03,0.0014338656
P00044,K79R,-0.03,0.1553287
P00044,C108T,2.3,0.00338354
P00044,V26C,-1.1,-0.3934034
P00044,N58I,-1.2,0.38365617
P00044,G12A,-3.5,-0.73614967
P00044,N58Q,-0.84,0.0
P00044,N58S,-0.37,0.0
P00044,N58H,-1.7,0.0
P00044,N58T,1.9,0.003304059
P00044,N58A,2.97,0.0
P00044,N58V,2.02,0.08762372
P00044,N58M,4.04,0.22830322
P00044,N58L,4.73,0.49087477
P00044,N58F,-0.06,0.1054101
P00044,K79H,-1.98,0.0
P00044,F88Y,-0.7,0.0
P00044,L91A,-2.8,-1.0985141
P00044,C108S,2.8,0.0
P00044,C108A,2.9,0.0
P00044,H39Y,-0.6,0.5002378
P00044,H32Y,-1.82,0.22148165
P00044,T102A,0.8,0.0
P00044,T75E,1.3,-0.1647377
P00044,G7A,-1.3,0.48080143
P00044,N58G,0.9,-0.19775286
P00044,H39P,-0.8,-0.005661776
P00044,G29S,-1.5,0.1249031
P00044,A13L,0.3,0.099040434
P00044,A13Y,0.3,0.27524513
P00044,F16I,-0.9,-0.7532724
P00044,F16M,-3.3,-1.0627892
P00044,F16W,-1.3,-0.5762632
P00044,F16Y,-0.7,-0.0019354426
P00044,L100A,-3.8,-2.4830618
P00044,L100I,-0.0,0.0024690733
P00044,L100T,-3.3,-2.7142463
P00044,L100V,-0.7,-0.47848952
P00044,Y103F,0.1,-0.42784548
P00044,K11Q,-2.38846,0.0
P00045,P86G,-1.2,-0.87956905
P00045,P81T,-0.8,-0.3033429
P00045,N62I,2.4,0.35058087
P00094,K33D,-1.3,-0.07132369
P00094,K35E,-1.3,0.0
P00094,K53E,0.2,0.0
P00094,Y96F,0.71,0.0
P00094,Y96C,-3.05,-1.1232028
P00094,P56A,-2.0,-0.94361115
P00094,G55S,-2.2,-0.550541
P00099,V100I,0.06,0.7656851
P00099,F29A,1.1,-1.9867827
P00099,V35M,0.4,-0.10511781
P00099,F56Y,1.9,0.19622764
P00099,Q59R,0.5,0.18138583
P00099,E65Y,0.6,0.65919507
P00099,E92Q,-0.9,0.0
P00099,E92V,-2.0,-0.12630835
P00099,W78F,-1.9,-0.46298283
P00099,W99F,-1.2,-0.70756245
P00149,A104H,-2.69,0.0
P00149,A66H,-1.98,-0.4437033
P00171,F40Y,1.03,-0.2005571
P00171,F40L,-1.87,-0.96451664
P00171,V66E,-1.05,-1.3989812
P00171,V66Y,-1.34,0.00021076165
P00171,V66H,-1.6,-0.89725554
P00171,V66K,-2.39,-1.2887917
P00171,F40H,-2.82,-2.0076501
P00171,V50Y,-1.53,-0.4509791
P00171,V50H,-1.34,-1.3865503
P00171,V50E,-2.68,-1.8243117
P00171,S76L,0.8,2.847189
P00171,V50G,-1.9,-2.0905027
P00171,V50T,-1.0,-1.2311783
P00171,S23C,-0.35,-0.09050858
P00173,D65R,0.1,0.3526188
P00257,H114Q,-1.66,-0.0015617092
P00257,H114T,-1.19,0.0
P00257,H114R,-1.16,0.15013462
P00257,T112S,0.05,-0.6389358
P00257,T112A,-1.31,-0.70477355
P00257,Y140S,-0.33,-0.24092695
P00257,Y140L,-0.36,-0.1780426
P00257,Y140F,-0.01,-0.22786558
P00257,Y140W,-0.21,0.0
P00257,C153S,0.96,-0.001241494
P00257,D134E,0.45,0.08523606
P00257,D73E,0.5,0.0
P00268,V24I,0.36,0.70471597
P00268,I33L,0.76,0.50447315
P00282,I27S,-3.6,-3.3201504
P00282,F130S,-4.6,-3.379229
P00282,H137G,-9.9,-1.7905929
P00282,H66G,-10.9,-2.5521479
P00282,V25A,-0.96,-1.7564118
P00282,I27A,-3.35,-2.3024855
P00282,I40A,-2.39,-2.547367
P00282,V42A,-1.67,-1.952209
P00282,V51A,-1.67,-2.1766067
P00282,L53A,-1.67,-2.1133454
P00282,W68A,-3.35,-1.2567004
P00282,L70A,-1.79,-1.557954
P00282,V80G,-3.11,-0.34923354
P00282,I101A,-1.43,-1.1531998
P00282,A102G,-1.67,-0.8267138
P00282,V115A,-0.96,-1.7127665
P00282,F117A,-2.63,-2.5038505
P00282,Y128A,-3.59,-3.0385647
P00282,F130A,-5.02,-2.5917828
P00282,M141A,-2.87,-2.6215072
P00282,L145A,-1.67,-2.3734982
P00282,I40V,-0.38,-0.6762179
P00282,I40T,-2.39,-2.596394
P00282,V42T,-0.96,-2.5193286
P00282,V51T,-1.08,-2.3294272
P00282,L70V,-0.36,0.0043350738
P00282,L70T,-2.34,-1.7317195
P00282,I101V,-0.07,-0.19739357
P00282,I101T,-2.51,-1.2550906
P00282,V115T,0.96,-1.7884102
P00282,C132S,1.57,-3.7661033
P00563,D122N,-1.19,0.0
P00563,D122A,-0.48,-0.29011685
P00592,H70Q,-1.03,-1.3326522
P00592,H70N,-2.28,-1.4186559
P00592,H70K,-3.21,-1.7575665
P00592,N89D,-0.19,-0.143997
P00593,F44Y,1.5,0.54425085
P00593,F44I,2.7,-0.6657196
P00593,F44A,0.5,-2.1876435
P00593,F128Y,0.6,-0.67748475
P00593,F128I,1.9,-0.70099473
P00593,F128A,-0.9,-2.153884
P00593,H70A,-1.9,-1.419806
P00593,H70N,-2.4,-1.4276023
P00593,H70Q,-0.5,-1.3388128
P00644,P199G,1.6,-0.4470845
P00644,P199T,1.1,0.0
P00644,P113A,-0.6,-0.0029444813
P00644,L89A,-1.6,-0.09992421
P00644,L89G,-1.5,-0.46703237
P00644,L96A,-2.3,-1.3586457
P00644,L96G,-3.7,-2.9571233
P00644,L107A,-2.7,-1.9095412
P00644,L107G,-4.5,-3.5733442
P00644,L118A,-3.5,-3.1199617
P00644,L118G,-5.3,-4.795284
P00644,L119A,-1.7,-0.98037255
P00644,L119G,-3.8,-1.9180667
P00644,L120A,-1.7,-0.36047447
P00644,L120G,-0.6,-0.22055323
P00644,L171A,-2.6,-2.0779335
P00644,L171G,-3.2,-3.511446
P00644,L185A,-4.6,-2.7305574
P00644,L185G,-6.6,-4.7848864
P00644,L190A,-5.8,-1.6789789
P00644,L190G,-7.2,-3.3124099
P00644,L207A,-4.9,-1.9546608
P00644,L207G,-7.0,-3.1824863
P00644,L219A,-2.3,-0.9421221
P00644,L219G,-4.6,-1.4535396
P00644,V105A,-2.9,-1.8671181
P00644,V105G,-5.6,-2.7092896
P00644,V121A,-2.2,-1.8485119
P00644,V121G,-4.7,-3.217298
P00644,V133A,-0.3,-0.110551424
P00644,V133G,-0.4,-0.4590327
P00644,V148A,-2.2,-1.5351124
P00644,V148G,-4.4,-3.0252748
P00644,V156A,-3.1,-1.857799
P00644,V156G,-6.6,-3.6137295
P00644,V181A,-3.2,-1.7328558
P00644,V181G,-5.0,-3.2301912
P00644,V186A,-2.9,-1.9261054
P00644,V186G,-6.5,-3.7113748
P00644,V193A,-4.7,-0.9722876
P00644,V193G,-4.9,-2.2838504
P00644,V196G,-0.2,-0.65259147
P00644,I97V,-0.8,0.0
P00644,I97A,-2.7,-1.6271877
P00644,I97G,-3.3,-3.032249
P00644,I100V,-1.1,-0.3251719
P00644,I100A,-2.5,-1.8797089
P00644,I100G,-2.5,-2.6162422
P00644,I154V,-1.8,0.011547223
P00644,I154A,-5.1,-2.1548338
P00644,I154G,-6.5,-4.055118
P00644,I174V,-0.5,0.0
P00644,I174A,-4.0,-2.081637
P00644,I174G,-6.6,-3.9349136
P00644,I221V,-1.5,-0.56994414
P00644,I221A,-3.5,-1.9158161
P00644,I221G,-4.4,-3.20323
P00644,M108A,-1.5,-0.52548397
P00644,M108G,-2.2,-0.79825616
P00644,M114A,-1.7,-0.9418535
P00644,M114G,-2.4,-1.3703783
P00644,M147A,-2.0,-1.3611683
P00644,M147G,-4.6,-2.4030633
P00644,M180A,-4.6,-0.8882077
P00644,M180G,-4.5,-0.86178124
P00644,Y109A,-4.2,-0.5616853
P00644,Y109G,-5.8,-0.7540087
P00644,Y136A,-2.2,-1.3882262
P00644,Y136G,-1.9,-2.1772728
P00644,Y167A,-0.4,-1.9418108
P00644,Y167G,-1.0,-2.5851088
P00644,Y173A,-5.3,-1.3299301
P00644,Y173G,-6.7,-2.50249
P00644,Y175A,-6.5,-1.6750863
P00644,Y175G,-7.5,-2.5448852
P00644,Y195G,-0.3,-1.0516287
P00644,Y197A,-0.3,-0.9729437
P00644,Y197G,-0.7,-1.2003366
P00644,F116A,-3.7,-1.3083708
P00644,F116G,-6.2,-2.6667447
P00644,F143A,-2.3,-1.190207
P00644,F143G,-4.8,-2.3959599
P00644,F158A,-4.0,-0.9948504
P00644,F158G,-4.7,-1.7612684
P00644,V148M,-0.2,-0.20604858
P00644,V148K,-5.2,-2.1415844
P00644,D101A,-0.1,-0.42557466
P00644,D101G,-0.5,-0.86340725
P00644,D103A,0.7,-0.648171
P00644,D103G,0.3,-0.63771474
P00644,D122A,0.2,-0.14315017
P00644,D122G,-0.5,-0.6670431
P00644,D159A,-3.1,0.0
P00644,D159G,-2.2,-0.065958545
P00644,D165A,-3.8,-0.70791566
P00644,D165G,-2.7,-0.7343449
P00644,D177A,-3.3,-0.0823354
P00644,D177G,-2.7,-0.056892835
P00644,D225A,-0.1,0.0
P00644,D225G,-0.2,-1.6609556e-07
P00644,D228A,-0.2,0.04724212
P00644,D228G,-0.2,0.0017369875
P00644,E92A,-1.3,0.0
P00644,E92G,-1.8,-0.5803442
P00644,E125A,0.3,-0.28499562
P00644,E125G,0.5,-1.1480632
P00644,E134A,-0.1,-0.10525529
P00644,E134G,-0.4,-0.82446843
P00644,E139A,-0.2,-0.007593182
P00644,E139G,-1.6,-0.87948436
P00644,E149A,-1.0,0.039685972
P00644,E149G,-0.9,-0.4773559
P00644,E155A,-1.2,0.0
P00644,E155G,-2.7,-0.94524217
P00644,E157A,-2.2,-0.0067441706
P00644,E157G,-3.5,-0.92749083
P00644,E183A,-1.9,0.057592176
P00644,E183G,-3.1,-0.8836823
P00644,E204A,-0.4,-0.0009153967
P00644,E204G,-2.2,-0.6896248
P00644,E211A,-2.4,-0.16982117
P00644,E211G,-3.8,-1.0653462
P00644,E217A,-0.7,-0.04028379
P00644,E217G,-1.7,-0.46765053
P00644,E224A,-0.3,-0.010181187
P00644,E224G,-0.3,-0.25008738
P00644,K87A,0.3,-0.0035477588
P00644,K87G,0.3,-0.24068053
P00644,K88A,0.3,-0.0032018248
P00644,K88G,0.3,-0.30443388
P00644,K91A,-1.4,-0.010038175
P00644,K91G,-1.9,-0.5987996
P00644,K98A,-0.2,-0.026567515
P00644,K98G,-0.7,-0.79408276
P00644,K106A,-0.2,-0.0002480929
P00644,K106G,-1.2,-0.9107897
P00644,K110A,-0.7,-0.09636551
P00644,K110G,-0.7,-0.06895215
P00644,K127A,0.3,-0.0817913
P00644,K127G,0.2,-0.14645573
P00644,K130A,0.1,-0.00041535415
P00644,K130G,0.2,-0.12246061
P00644,K131A,-0.3,-0.06772964
P00644,K131G,-0.2,-0.42451477
P00644,K135A,-0.2,-0.022132948
P00644,K135G,-0.3,-0.8284203
P00644,K145A,-0.5,-0.05892399
P00644,K145G,-1.5,-0.8577782
P00644,K146A,0.1,-0.119124085
P00644,K146G,-0.4,-0.78058505
P00644,K152A,-0.1,-0.2502917
P00644,K152G,-0.5,-0.11132528
P00644,K153A,-0.4,-0.047255024
P00644,K153G,-1.1,-0.84851736
P00644,K160A,-0.6,-0.026906453
P00644,K160G,-1.1,-0.31134963
P00644,K166A,0.2,-0.4065998
P00644,K166G,-0.3,-0.76049864
P00644,K179A,-0.1,-0.09595098
P00644,K179G,-1.7,-0.7170086
P00644,K192A,-1.3,0.00012471364
P00644,K192G,-2.7,-0.8592454
P00644,K198A,0.7,-0.015173141
P00644,K198G,1.0,-0.49510044
P00644,K209A,0.2,0.0
P00644,K209G,-0.7,-0.768162
P00644,K215A,-1.4,-0.13656032
P00644,K215G,-3.3,-0.70489776
P00644,K216A,0.1,0.0
P00644,K216G,-0.7,-0.6484866
P00644,K218A,-0.9,-0.25960454
P00644,K218G,-0.2,-0.019057993
P00644,H90A,-0.4,0.0
P00644,H90G,-0.8,-0.04879175
P00644,H128A,-0.5,-0.026182603
P00644,H128G,-0.4,-0.32963637
P00644,H203A,-3.1,-0.25226563
P00644,H203G,-4.2,-0.7648382
P00644,H206A,0.4,-0.008497336
P00644,H206G,-0.5,-0.47537366
P00644,R117A,-1.4,-1.5145404
P00644,R117G,-2.2,-2.0001576
P00644,R163A,-1.1,-0.47571588
P00644,R163G,-2.2,-0.79243433
P00644,R169A,-0.9,-1.4955659
P00644,R169G,-2.6,-1.9506373
P00644,R187A,-1.4,-0.5328901
P00644,R187G,-2.4,-1.3714457
P00644,R208A,-1.7,-0.38664883
P00644,R208G,-2.9,-1.3612602
P00644,A94G,-2.4,-0.985531
P00644,A94V,-1.1,0.55045867
P00644,A99G,-0.3,-1.3047023
P00644,A99V,-1.9,1.9488022
P00644,A140G,-2.6,-1.8137326
P00644,A140V,-2.8,0.0
P00644,A142G,-1.4,-0.7411615
P00644,A142V,-2.8,0.0351407
P00644,A151G,-2.0,0.0
P00644,A151V,-2.3,0.007479026
P00644,A172G,-2.0,-1.3695674
P00644,A172V,-0.2,0.36618826
P00644,A176G,-2.4,-0.9510087
P00644,A176V,-1.3,1.2450248
P00644,A184G,-1.3,-1.0154455
P00644,A184V,-1.9,0.5340742
P00644,A191G,-1.0,-1.7344444
P00644,A191V,-3.1,0.022933304
P00644,A194V,-1.5,0.56436455
P00644,A212G,-1.1,-0.508333
P00644,A212V,-1.2,0.057732172
P00644,A214G,-3.7,-1.6293547
P00644,A214V,-4.8,-0.003069441
P00644,A227G,-0.4,-0.13315916
P00644,A227V,-0.3,0.088569075
P00644,P93G,-1.0,-0.5052014
P00644,P93A,-0.4,0.0
P00644,P113G,-1.6,-0.00014693223
P00644,P124G,-0.4,-1.7006273
P00644,P124A,0.1,-1.0338666
P00644,P129G,-0.1,-0.3850611
P00644,P129A,-0.6,-0.16092375
P00644,P138G,-1.0,-0.39086145
P00644,P199A,0.8,-0.14739946
P00644,G102A,-0.3,-0.6867134
P00644,G102V,-2.3,-0.48036936
P00644,G111A,-1.3,-0.26485747
P00644,G111V,-3.0,-0.006269612
P00644,G132A,0.2,0.05957316
P00644,G132V,-1.1,0.2118923
P00644,G137A,-0.6,0.119113386
P00644,G137V,-1.8,0.06777177
P00644,G161A,-2.4,3.620173e-05
P00644,G161V,-2.4,0.16600405
P00644,G168A,-0.6,-0.7274233
P00644,G168V,-3.7,-0.4623726
P00644,G170A,-0.1,1.0575309
P00644,G170V,-0.9,2.1811986
P00644,G178A,-1.8,-0.65309525
P00644,G178V,-3.7,-0.058212936
P00644,G189A,-4.5,-0.90458715
P00644,G189V,-7.5,-0.57494164
P00644,N150G,-0.5,-0.037563607
P00644,N150A,-0.5,-0.115380235
P00644,N182G,-5.1,-0.869378
P00644,N182A,-5.2,0.0
P00644,N200G,-1.9,-0.60547286
P00644,N200A,-2.1,-0.39222494
P00644,N201G,-1.3,-0.48805425
P00644,N201A,-1.3,-0.006227458
P00644,N220G,0.1,0.66709673
P00644,N220A,-1.1,-0.13871878
P00644,N226G,-0.5,-0.18522346
P00644,N226A,-0.1,-0.030782208
P00644,Q112G,-0.9,-0.1837376
P00644,Q112A,-0.3,-0.13841024
P00644,Q162G,-1.4,-0.76376176
P00644,Q162A,-0.1,-0.031733714
P00644,Q188G,-1.5,-0.5103698
P00644,Q188A,0.1,-0.010770014
P00644,Q205G,-0.6,-0.45659325
P00644,Q205A,-0.4,-0.028433288
P00644,Q213G,-2.4,-0.7652625
P00644,Q213A,-0.2,-0.1336374
P00644,Q231G,-0.4,0.0028113355
P00644,S141G,-1.1,-0.66114736
P00644,S141A,0.4,0.0
P00644,S210G,-1.6,-0.6853273
P00644,S210A,0.7,0.5963373
P00644,S223G,-0.9,-0.25558504
P00644,S223A,-0.4,0.00809289
P00644,T86G,-0.2,-0.36995232
P00644,T86A,-0.2,-0.03106815
P00644,T95G,-1.1,-0.8703815
P00644,T95A,-0.7,-0.50848585
P00644,T104G,-2.4,-1.7718849
P00644,T104A,-1.6,-0.92162406
P00644,T115G,-2.5,-1.0258095
P00644,T115A,-1.4,-0.64275116
P00644,T123G,-2.0,-1.3896394
P00644,T126G,-0.6,-0.9592924
P00644,T126A,-0.4,-0.41441673
P00644,T144G,-3.5,-1.2982135
P00644,T144A,-2.4,0.0
P00644,T164G,-2.0,-0.94350517
P00644,T164A,-0.9,-0.59061444
P00644,T202G,-2.1,-0.5769695
P00644,T202A,-1.2,-0.16440248
P00644,V148L,-0.2,0.5319524
P00644,A151T,-2.7,0.0140438685
P00644,T115S,-1.4,-0.49729732
P00644,G161S,-2.4,0.036575764
P00644,A172S,-2.0,-0.9573716
P00644,Y173S,-5.3,-1.823806
P00644,N200D,-2.5,-0.038263846
P00644,Y109C,-2.9,-0.2068319
P00644,Y109D,-5.4,-0.5101603
P00644,Y109E,-5.0,-0.49527705
P00644,Y109H,-1.6,-0.4724576
P00644,Y109I,-2.5,0.14076328
P00644,Y109K,-3.9,-0.33792108
P00644,Y109L,-1.5,0.0
P00644,Y109M,-2.0,0.0
P00644,Y109N,-4.0,-0.40301514
P00644,Y109P,-6.1,-0.5246794
P00644,Y109Q,-3.2,-0.5059355
P00644,Y109R,-2.9,-0.06763005
P00644,Y109S,-3.0,-0.52135694
P00644,Y109T,-3.3,-0.34472126
P00644,Y109V,-3.0,0.0
P00644,Y109W,-0.6,-0.0051935907
P00644,V105F,-2.3,0.0
P00644,E157V,-2.31,0.36135894
P00644,G161D,-2.28,0.0
P00644,P199L,0.2,0.0
P00644,I100M,-0.5,-0.94276935
P00644,V148W,-3.01,-0.6014967
P00644,K152W,-0.84,0.0
P00644,G170W,-1.22,1.9666216
P00644,K91F,-1.2,0.0
P00644,P93F,-0.6,0.043601107
P00644,K98F,-0.5,0.06693163
P00644,D101F,-1.5,0.0
P00644,K106F,-0.6,0.43816233
P00644,K110F,-0.9,-0.00078193034
P00644,G111F,-1.4,-0.00030404964
P00644,P129F,-0.3,-0.0039343676
P00644,K130F,-0.5,0.0034707002
P00644,G132F,-0.8,0.06419102
P00644,E134F,-0.7,0.0
P00644,E139F,-0.7,-0.018324269
P00644,A142F,-0.8,0.01207041
P00644,K145F,-2.0,0.09675497
P00644,K146F,-0.3,0.0
P00644,M147F,-1.6,0.0
P00644,E149F,-1.4,0.39874315
P00644,K152F,-0.2,-0.0043089828
P00644,E155F,-1.1,0.48442557
P00644,Q162F,-0.7,0.03670399
P00644,D165F,-5.2,-0.027861485
P00644,K166F,-0.9,0.0
P00644,Y167F,-0.2,-0.4648487
P00644,G168F,-2.0,-0.0121903885
P00644,D177F,-5.3,0.0
P00644,G178F,-3.0,-0.019844707
P00644,K179F,-0.7,0.0017733413
P00644,E183F,-3.1,0.32339138
P00644,A184F,-1.9,0.53557014
P00644,R187F,-3.1,-0.003352392
P00644,A194F,-1.6,1.0202924
P00644,Y197F,-0.1,-0.23661442
P00644,K198F,-0.1,0.0
P00644,P199F,0.3,0.0
P00644,E204F,-0.8,0.2871529
P00644,Q205F,-0.7,0.0
P00644,H206F,0.3,0.085923
P00644,K209F,-0.3,0.028544227
P00644,S210F,-1.0,0.4411512
P00644,E211F,-4.0,-0.046780173
P00644,Q213F,-0.7,-0.004373009
P00644,K215F,-1.4,0.0
P00644,K216F,-0.5,0.0
P00644,E217F,-1.2,-0.0021192199
P00644,K218F,-1.2,-0.0011486863
P00644,D225F,-0.1,0.0
P00644,E125D,0.2,-0.18872628
P00644,V105T,-3.2,-1.7743951
P00644,V121T,-1.3,-1.9052664
P00644,V133T,0.2,-0.0015853769
P00644,V148T,-1.2,-1.6685305
P00644,V156T,-3.8,-2.0842767
P00644,V181T,-3.3,-1.9607846
P00644,V186T,-2.5,-2.3015149
P00644,V193T,-2.3,-1.2826694
P00644,V196T,-0.3,-0.021707527
P00644,V105S,-4.7,-2.7492685
P00644,V121S,-2.4,-2.577148
P00644,V133S,-0.1,-0.053324014
P00644,V148S,-3.1,-2.476271
P00644,V156S,-5.4,-2.9373252
P00644,V181S,-5.1,-2.6988173
P00644,V186S,-4.9,-3.070678
P00644,V193S,-4.8,-1.6788579
P00644,Y109F,-0.6,-0.0008855344
P00644,Y136F,-0.5,-0.0031068455
P00644,Y173F,-2.4,-0.23260581
P00644,Y175F,-2.0,0.0
P00644,Y136L,-3.4,-0.26846057
P00644,Y167L,-0.1,-0.946909
P00644,Y173L,-3.9,-0.21019146
P00644,Y175L,-4.5,-0.6316073
P00644,Y195L,0.2,-0.37608576
P00644,Y197L,-0.3,-0.44529074
P00644,T95S,-0.3,-0.3026644
P00644,T104S,-0.6,-0.87830186
P00644,T123S,-1.1,-0.53824043
P00644,T144S,-2.1,-0.7467015
P00644,T164S,-0.7,-0.3081283
P00644,T202S,-0.6,-0.017672239
P00644,T95V,-0.4,0.16750787
P00644,T104V,-0.9,-0.2259162
P00644,T115V,0.4,0.003922202
P00644,T123V,0.8,0.327335
P00644,T126V,0.1,0.18503788
P00644,T144V,-0.2,1.4565914
P00644,T164V,0.2,0.0
P00644,T202V,-1.8,0.0
P00644,T95C,-1.4,-0.0922834
P00644,T104C,-0.9,-0.5173377
P00644,T115C,-1.2,-0.25153285
P00644,T123C,0.6,0.0
P00644,T126C,-0.2,-0.078410566
P00644,T144C,-1.1,0.07358483
P00644,T164C,-0.1,-0.23436335
P00644,T202C,-1.7,-0.03636094
P00644,M114L,-0.8,-0.00968212
P00644,M114I,-0.6,0.061044253
P00644,Y195A,0.1,-0.7375877
P00644,G111C,-1.1,-0.2119907
P00644,G132C,-0.8,0.23211464
P00644,E139C,-0.7,-0.1904835
P00644,A142C,-1.2,-0.07681987
P00644,K152C,-0.5,-0.19467074
P00644,K160C,-0.4,-0.0002893163
P00644,R187C,-2.7,-0.4885093
P00644,A194C,-0.8,0.2392916
P00644,K216C,-0.7,-0.01018226
P00644,K160F,0.1,0.0
P00644,M108I,-0.9,0.005058444
P00644,M147I,-1.5,0.025359277
P00644,M180I,-4.4,0.0
P00644,M108L,-0.5,0.0
P00644,M147L,-0.8,0.52756864
P00644,L171F,-1.2,-0.93581605
P00644,H206L,0.7,0.20105314
P00644,V105I,-0.2,0.50307405
P00644,V105L,-0.1,0.0021562888
P00644,V121I,0.1,0.6395887
P00644,V121L,-0.9,-0.066062585
P00644,V133I,0.1,0.0025721504
P00644,V133L,-0.2,0.0
P00644,V148I,-1.0,0.3149719
P00644,V156I,-1.8,0.22657095
P00644,V156L,-1.2,0.0069540134
P00644,V181I,-0.2,0.31318355
P00644,V181L,-0.3,0.16391659
P00644,V186I,0.2,0.15354243
P00644,V186L,-0.8,0.0046221274
P00644,V193I,-0.7,0.0
P00644,V193L,-0.9,-0.12488827
P00644,V196I,-0.1,0.072843045
P00644,V196L,-1.1,0.0
P00644,I97L,-0.6,-0.47279513
P00644,I97M,-0.3,-0.7511491
P00644,I100L,-0.2,-0.8292062
P00644,I154L,-0.2,-0.67190015
P00644,I154M,-1.8,-1.1102054
P00644,I174L,-0.6,-0.40751266
P00644,I174M,-1.6,-1.0171652
P00644,I221L,-0.1,0.0057597267
P00644,I221M,-0.4,-0.60320115
P00644,L89I,-0.9,0.0
P00644,L89V,-1.4,0.0
P00644,L96I,-1.5,0.6569191
P00644,L96V,-1.5,0.80638516
P00644,L107I,-1.7,0.18035966
P00644,L107V,-1.8,0.0
P00644,L118I,-3.1,-0.6182705
P00644,L118V,-3.5,-1.2551305
P00644,L119I,-2.0,0.0
P00644,L119V,-3.0,-0.34437162
P00644,L120I,-2.1,0.023839848
P00644,L120V,-0.2,-0.068499014
P00644,L171I,-1.1,-0.0011542726
P00644,L171V,-1.4,-0.40126318
P00644,L185I,-1.1,-0.6970147
P00644,L185V,-2.0,-0.99648577
P00644,L190I,-3.4,-0.5342515
P00644,L190V,-3.9,-0.8464251
P00644,L207I,-1.0,-0.23703071
P00644,L207V,-2.3,-0.87817633
P00644,L219I,-0.8,-0.00015304034
P00644,L219V,-1.4,-0.42565104
P00644,T95I,-0.1,0.4653813
P00644,T104I,-0.7,-0.006985192
P00644,T115I,0.6,0.22363766
P00644,T123I,0.7,0.5911619
P00644,T126I,-0.6,0.7286118
P00644,T144I,-1.7,2.0327995
P00644,T164I,0.5,0.082144566
P00644,T202I,-1.7,0.031551316
P00644,E92K,-2.2,0.0
P00644,E92Q,-1.3,0.0
P00644,D101K,-0.3,-0.07729371
P00644,D101N,-0.2,-0.0126682855
P00644,D103K,1.0,-0.1984995
P00644,D103N,1.4,-0.024922192
P00644,K110E,-0.8,0.0
P00644,K110Q,-0.3,-0.00047249655
P00644,K130Q,-0.1,0.0
P00644,E139K,-0.1,0.0
P00644,E139Q,-0.2,0.0
P00644,K145E,-1.5,0.0
P00644,K145Q,-1.0,0.00020424457
P00644,K146E,-1.6,0.00010865796
P00644,E149Q,-0.5,0.0004570923
P00644,K152E,-0.4,0.02145817
P00644,K152Q,-0.3,0.000319682
P00644,E155K,-2.1,0.0
P00644,E155Q,-0.7,0.011891227
P00644,E157K,-2.3,0.0
P00644,E157Q,-0.7,9.615318e-05
P00644,D159K,-3.5,0.0092281075
P00644,D159N,-2.9,0.0
P00644,K160E,-0.8,0.0
P00644,K160Q,-0.1,-0.0016872855
P00644,K166Q,-0.1,0.0
P00644,K179E,-0.6,0.0
P00644,K179Q,-0.4,0.0
P00644,E204K,-2.7,0.0
P00644,E204Q,-1.6,0.0
P00644,H206E,0.2,0.0
P00644,H206Q,0.6,0.0
P00644,K215Q,-0.5,0.0
P00644,E217K,-1.1,-0.00011108408
P00644,E217Q,-0.7,0.0
P00644,D225K,-0.3,0.038444124
P00644,D225N,-0.3,0.0052886577
P00644,W222H,-0.4,-2.9611773
P00644,W222F,-0.6,-1.5156922
P00644,W222Y,-1.1,-1.1938021
P00644,W222L,-4.5,-1.7871842
P00644,G102E,-3.2,-0.81302416
P00644,V105E,-4.4,-2.3984447
P00644,L107E,-5.9,-2.7695122
P00644,F116E,-3.9,-1.685344
P00644,L118E,-4.7,-4.1888967
P00644,L119E,-2.1,-1.3704653
P00644,L120E,-1.2,-0.7021241
P00644,V121E,-3.9,-2.442234
P00644,T123E,-2.1,-0.86960375
P00644,A140E,-3.8,-1.2501812
P00644,T144E,-2.5,-0.7735498
P00644,I154E,-4.7,-2.927779
P00644,V156E,-5.4,-2.7458348
P00644,A172E,-7.5,-1.0578896
P00644,Y173E,-5.0,-1.5294156
P00644,I174E,-5.6,-3.1584935
P00644,V181E,-4.8,-2.477799
P00644,N182E,0.1,-0.29962933
P00644,L185E,-3.8,-3.475356
P00644,V186E,-2.0,-2.888966
P00644,A191E,-4.4,-1.4745302
P00644,N200E,-1.9,0.0
P00644,L207E,-4.0,-2.3775606
P00644,A214E,-5.8,-1.1769543
P00644,F158W,-1.0,0.0
P00644,F158V,-0.0,0.0
P00644,H128Y,-0.0,0.2047503
P00644,T123A,-0.0,0.0
P00644,P138A,-0.0,0.0016335719
P00644,A194G,-0.0,-0.40552482
P00644,Y195F,-0.0,-0.20994964
P00644,V196A,-0.0,-0.3305595
P00644,K130E,-0.0,0.0
P00644,K166E,-0.0,0.0
P00644,K127E,-0.0,0.0
P00644,K131F,-0.0,0.0
P00644,K153F,-0.0,0.0
P00644,K146Q,-0.0,0.0003073173
P00644,K127Q,-0.0,0.0
P00644,S141F,-0.0,0.055154677
P00644,T126S,-0.0,-0.3677302
P00644,V196S,-0.0,-0.2941292
P00644,L89F,-1.2,-0.041571174
P00644,M180L,-2.3,-0.3039329
P00644,K127F,-0.2,0.00020048437
P00644,F116C,-2.8,-0.9129845
P00644,L118C,-2.9,-2.5919995
P00644,N68G,-0.5,-0.05532976
P00644,S59G,-1.1,-0.09648572
P00644,D77A,-3.133333333,0.011356663
P00644,D77G,-2.2,0.004510966
P00644,T44S,0.0,-0.056503594
P00644,T44V,0.1,0.2826422
P00644,T44C,-0.2,0.013023378
P00644,S59F,0.0,0.015443871
P00644,S59A,0.5,0.0
P00644,T44I,-0.6,0.9035994
P00644,K209E,0.0,0.0
P00644,K209Q,0.0,0.0
P00648,I51V,-0.6,-0.18928906
P00648,I51A,-1.4,-0.9287828
P00648,N52A,-1.9,-0.012124012
P00648,T53G,-1.2,-0.27724522
P00648,T53A,-2.1,-0.18942499
P00648,D55A,-0.9,0.0
P00648,V57T,-2.5,-1.212297
P00648,V57A,-3.4,-1.0593605
P00648,D59A,-0.3,0.09845041
P00648,Y60A,-3.3,-1.1968181
P00648,L61A,-4.3,-1.3706646
P00648,T63S,-1.7,-0.03145081
P00648,T63R,0.5,0.07090223
P00648,Y64A,-2.0,-0.9422653
P00648,N70A,-2.2,-0.61685425
P00648,Y71F,0.09,-0.12946475
P00648,I72V,-1.1,-0.3413244
P00648,I72A,-3.5,-1.3894048
P00648,T73G,-1.5,-0.9693073
P00648,T73A,-1.9,-0.6691998
P00648,K74G,-0.4,-0.0102306325
P00648,E76G,-1.8,-0.788684
P00648,Q78S,-0.2,0.0
P00648,Q78A,0.1,-0.09839523
P00648,L80Q,-1.3,-0.80194926
P00648,V83A,-1.3,-0.03348066
P00648,V83T,-1.1,0.0
P00648,N88D,-2.5,-0.117098466
P00648,V92A,-1.8,-0.86989844
P00648,V92T,-2.4,-0.94152755
P00648,I98V,-1.8,-0.5448741
P00648,I98A,-4.7,-1.4466116
P00648,D101A,-3.0,-0.016788961
P00648,D101N,-2.4,0.0
P00648,I102V,-0.3,0.0
P00648,I102A,-1.1,-1.1883824
P00648,I102T,-0.6,-0.7020346
P00648,N105A,-2.7,-1.5362241
P00648,N105D,0.5,-0.71324193
P00648,K109R,-0.4,0.38362312
P00648,I123V,-0.8,0.029984582
P00648,I123A,-1.9,-2.2783797
P00648,N124A,-1.6,-0.72845566
P00648,Y125F,-1.4,-0.681354
P00648,N131A,-2.0,-0.5592319
P00648,I135V,-1.3,-1.2420461
P00648,I135A,-4.0,-3.5081072
P00648,L136V,-0.3,0.7735526
P00648,L136T,-2.5,-1.5721853
P00648,S138A,-1.9,-0.15639707
P00648,S139A,-2.8,-0.56163216
P00648,I143V,-0.9,-0.6084683
P00648,I143A,-3.2,-2.2385988
P00648,T146V,-2.7,-0.7854263
P00648,Y150F,-0.18,-0.6902933
P00648,T152V,-2.2,-0.27370307
P00648,I156V,-0.8,-0.5741439
P00648,I156A,-2.1,-2.4531822
P00648,R157A,-0.4,-0.49125773
P00648,A79R,-0.1,0.22528034
P00648,A79K,-0.2,0.02013436
P00648,A79M,-0.3,0.06322527
P00648,A79L,-0.3,0.14216375
P00648,A79S,-0.4,0.0
P00648,A79Q,-0.5,0.0
P00648,A79E,-0.6,0.012544455
P00648,A79N,-0.7,0.0022041511
P00648,A79F,-0.7,0.0
P00648,A79D,-0.7,-0.019144064
P00648,A79H,-0.8,-8.702773e-05
P00648,A79T,-0.8,0.007156133
P00648,A79I,-0.8,0.0805947
P00648,A79Y,-0.8,0.08981223
P00648,A79V,-0.9,0.0018354891
P00648,A79G,-0.9,-0.011622861
P00648,A79W,-1.0,0.06946675
P00648,A79C,-1.0,0.0
P00648,A79P,-4.1,0.0
P00648,S75E,0.4,0.027943647
P00648,R106A,0.64,-1.6348022
P00648,K74A,0.36,-0.12389214
P00648,H149A,-0.24,-1.6340775
P00648,S104A,0.15,-0.15217385
P00648,Q151A,-0.16,-0.24702327
P00648,E120A,-2.3,-0.83449626
P00648,Q62I,1.0,0.13557792
P00648,H65K,-1.2,0.0
P00648,K66R,0.2,0.015774386
P00648,E76Q,-0.22,-0.0098959
P00648,D91E,0.1,0.060942292
P00648,G112S,0.5,0.6038765
P00648,K113A,0.2,-0.14345947
P00648,T126V,0.3,-0.18815798
P00648,S132A,-0.12,0.5513921
P00648,I135L,-0.3,-0.86108446
P00648,K155R,0.9,0.43270352
P00648,T53P,-3.08,-0.068251364
P00648,D55G,-1.17,-0.004459735
P00648,D55S,-0.97,0.00039429773
P00648,D59G,-1.29,1.6671052e-05
P00648,D59S,-0.65,0.07152978
P00648,T63G,-1.66,-0.3662827
P00648,T63A,-0.27,-0.19417842
P00648,Y64G,-4.03,-1.0631822
P00648,Y64S,-2.57,-0.6504556
P00648,H65G,-0.7,0.0
P00648,H65A,-1.85,-0.0260504
P00648,H65S,-2.28,0.0
P00648,H65N,-1.68,0.0
P00648,H65D,-2.56,-0.0047963955
P00648,H65R,-1.17,0.03586421
P00648,T73D,-0.08,-0.4639144
P00648,S75G,-0.45,-0.06632013
P00648,S75A,0.41,-0.09837684
P00648,E76A,-1.25,-0.25384694
P00648,E76S,-1.23,-0.27670377
P00648,Q78G,-0.98,-0.15757063
P00648,G81A,-3.12,-0.6073477
P00648,G81S,-3.2,-0.64689153
P00648,G81N,-2.75,-0.41095483
P00648,G81D,-3.39,-0.61001146
P00648,G81H,-2.65,-0.66802704
P00648,G81K,-3.12,-0.17563578
P00648,G81R,-2.42,-0.011860644
P00648,G81T,-3.37,-0.6412961
P00648,F54L,-4.6,0.033818953
P00648,T53S,-0.22,0.0
P00648,T53N,-1.27,0.0
P00648,T53D,0.11,-0.113159664
P00648,T53Q,-1.87,-0.05366196
P00648,T53E,-0.27,0.0
P00648,T73S,-0.56,-0.3912751
P00648,T73V,-2.31,-0.013029476
P00648,T73N,-1.29,-0.40610218
P00648,T73Q,-1.72,-0.62538826
P00648,T73E,-0.05,-0.3926211
P00648,H65Q,-1.6,0.0
P00648,W141Y,-1.27,0.0
P00648,W141F,-1.06,-0.59453464
P00648,W141L,-1.59,-0.71677744
P00648,Y60F,-0.41,-0.32524452
P00648,Y64F,-0.3,-0.18667585
P00648,E120F,-2.1,-0.27935365
P00648,E120Q,-2.7,-0.025321893
P00648,E120W,-2.2,0.00070397754
P00648,R116S,-2.72,-1.0529547
P00648,D140N,-4.11,0.0
P00648,R116K,-3.13,-0.6137645
P00648,R116M,-2.12,-0.29196852
P00648,R130K,-4.13,-1.1398453
P00648,R130Q,-2.05,-1.167947
P00648,D122N,-4.8,0.0
P00648,T53H,-2.65,-0.09122534
P00648,I123T,-2.69,-2.6171873
P00648,D69M,-0.27,0.026814722
P00648,G100A,-3.4,-0.9943034
P00648,G99A,-5.3,-0.7695459
P00648,G100V,-7.8,-0.82330537
P00648,G99V,-8.4,-0.39654768
P00648,Y60G,-6.4,-1.5478959
P00648,Q62G,-1.6,-0.17465392
P00648,Q62A,-0.2,-0.025721528
P00648,I102G,-3.1,-1.5640302
P00648,R119G,-2.5,-2.075903
P00648,E120G,-5.4,-1.4309754
P00648,I135G,-7.4,-4.9823394
P00648,L136G,-7.0,-2.806498
P00648,L142G,-4.7,-1.8817306
P00648,I143G,-5.7,-3.6782176
P00648,Y144G,-6.6,-4.1647205
P00648,T147G,-2.8,-0.6537218
P00648,T73H,-4.3,-0.6299082
P00648,K66A,1.0,-0.24451236
P00648,L89T,-3.3,-1.5398693
P00648,L89V,-0.5,-0.7976991
P00648,S85A,0.3,-0.05218088
P00648,L89G,-7.0,-1.9833312
P00651,Q51K,0.94,0.0
P00651,E84A,-0.77,-0.30777586
P00651,Y37F,-2.11,-0.31349123
P00651,Y68F,1.14,-0.061685875
P00651,Y82F,-0.78,-0.18795243
P00651,Y83F,-0.5,-0.17036857
P00651,Y94F,-1.36,-0.6210338
P00651,S38A,-1.23,-0.08813667
P00651,S43A,0.67,0.0
P00651,S90A,-1.44,-0.4512537
P00651,N35A,-0.9,-0.29932725
P00651,N62A,0.03,-0.31445408
P00651,N70A,-2.08,-1.0956788
P00651,N107A,-2.87,-0.51874185
P00651,A47C,-0.74,-0.0030604796
P00651,A47D,0.33,-0.2630993
P00651,A47E,0.05,0.0
P00651,A47F,-0.57,0.00041742885
P00651,A47G,-0.9,-0.6116657
P00651,A47H,-0.56,0.0
P00651,A47I,-0.44,0.09653419
P00651,A47K,-0.51,-0.004787961
P00651,A47L,-0.13,0.084148034
P00651,A47M,-0.15,0.09631953
P00651,A47N,0.34,-0.0063785417
P00651,A47Q,-0.26,0.00061701384
P00651,A47R,-0.41,0.13277441
P00651,A47S,-0.49,-0.0011985591
P00651,A47T,-0.57,0.0062598614
P00651,A47V,-0.66,0.06968787
P00651,A47W,-0.3,0.06617032
P00651,A47Y,-0.39,0.08650243
P00651,P65A,-4.95,-1.2515582
P00651,N70D,-2.0,-0.28540015
P00651,N70S,-1.9,-0.83064103
P00651,D102N,-3.1,0.0
P00651,D102S,-3.3,-0.0013707124
P00651,D102A,-3.7,-0.19441074
P00651,D75A,-0.5,0.005685673
P00651,D75H,1.1,0.03181887
P00651,P99V,1.53,-0.8345393
P00651,W85Y,-0.93,0.106225386
P00651,Y50W,1.24,0.00017211438
P00651,Y68W,-0.14,-0.5448744
P00651,Y71W,0.74,-0.21594921
P00651,H66T,-0.26,-1.1644342
P00651,H118A,-0.62,-0.98296845
P00651,V42A,-2.49,-1.8042464
P00651,V42S,-4.66,-2.8512466
P00651,V42T,-3.2,-2.168362
P00651,V42C,-5.3,-1.5721813
P00651,V104A,-4.08,-2.5441918
P00651,V104S,-4.73,-3.577163
P00651,V104T,-4.08,-2.821309
P00651,V104C,-3.67,-2.2673218
P00651,V115S,-4.87,-2.7350676
P00651,V115T,-3.07,-2.0247617
P00651,V115C,-3.54,-1.3144879
P00651,G49A,-1.2,0.9539664
P00651,D75F,0.1,0.37936652
P00651,D75Y,-0.0,0.3299283
P00651,V78T,-3.6,-1.2444543
P00651,D75W,-0.9,0.41143042
P00651,V78S,-4.9,-1.6609387
P00651,D29A,-0.621414914,0.27467898
P00651,V78C,-3.67,0.0
P00651,V78A,-4.08,-1.1732152
P00698,D119P,-2.4,0.00032886773
P00698,G120P,-0.1,0.09821762
P00698,N64D,0.46,-0.36157382
P00698,E53Q,-0.53,-0.03676857
P00698,E53A,1.46,-0.54618526
P00698,E53H,-3.43,0.0
P00698,I73T,-3.3,-3.1246166
P00698,W126Y,-1.41,-0.92529917
P00698,W126Q,-3.59,-2.1048574
P00698,T136P,-2.0,-0.0002791598
P00698,K31D,-6.69,-0.13796914
P00698,G67N,-0.96,-0.26490536
P00698,P88N,-2.15,-0.010680985
P00698,C112A,-4.78,-1.6308734
P00698,N121D,0.24,-0.049751755
P00698,M123T,-0.24,-0.76320857
P00698,G67A,1.92,-0.704816
P00698,G85A,1.27,0.0
P00698,I76M,-1.18,-1.416043
P00698,I96M,-0.9,-0.70344317
P00698,I116M,-0.9,-0.93542874
P00698,F21Y,-0.45,0.0
P00698,H33L,0.76,0.25273496
P00698,N37K,-1.06,0.0
P00698,R39Q,-0.15,-0.4551097
P00698,F52Y,0.19,0.25822496
P00698,R86K,-0.04,-0.052881896
P00698,R91K,0.23,-0.012271438
P00698,N95H,-0.38,-0.0030897348
P00698,D119G,0.45,0.0
P00698,G120V,-0.04,0.060413618
P00698,G120R,0.38,0.5780729
P00698,R132H,0.68,-0.012276676
P00698,Q139H,-0.45,0.0
P00698,A49V,1.2,1.9680921
P00698,A49I,1.4,2.9162583
P00698,A49L,1.8,2.2917361
P00698,D119S,0.87,0.001660537
P00698,D119A,0.76,0.0
P00698,D119F,0.72,0.011140816
P00698,D119R,0.27,0.17374337
P00698,D119K,0.19,0.05873708
P00698,D119N,0.04,0.0025172425
P00698,D119Q,-0.08,0.0
P00698,S109T,0.99,0.0
P00698,S109V,-0.08,0.0
P00698,S109A,-0.15,-0.05964295
P00698,T58S,-0.27,-0.6304838
P00698,I73L,-0.45,0.07482308
P00698,I73V,-0.91,-0.9030112
P00698,T58I,-2.2,-0.0010928095
P00698,I73M,-2.27,-0.9316336
P00698,S109D,-2.31,-0.00034393606
P00698,I73F,-2.46,-0.95138174
P00698,S109Y,-3.07,0.007016652
P00698,I73A,-4.4,-2.9269304
P00698,G89A,-0.38,-0.0013611943
P00698,G120A,0.02,0.0
P00698,G135A,-1.46,-0.17154276
P00698,M30L,-0.57,0.6853632
P00698,M30F,0.28,0.0
P00698,D119E,-0.0,0.04926207
P00698,C94A,-4.784688995,-1.6613712
P00698,N77H,-0.38,-0.3280161
P00711,H51Y,0.07,0.46204427
P00711,H51A,-2.13,-0.36371958
P00711,L129H,1.39,-0.0027818882
P00711,L129R,0.43,0.0
P00711,L129E,-0.19,-0.16746455
P00711,Q136A,-0.96,-0.0033835366
P00711,W137Y,-1.17,0.0
P00711,W137H,-0.6,-0.8943945
P00711,A125S,-1.05,-0.15655841
P00711,H126Y,-0.19,1.0693202
P00711,H126A,-0.79,-0.10770261
P00711,H126W,-1.72,1.6144176
P00711,K133N,2.65,0.0
P00711,K133Q,-0.6,-0.0008438995
P00711,K133E,-0.65,9.8020595e-05
P00711,V61N,-0.24,-0.01667014
P00711,V61A,-0.93,-0.27341715
P00711,V61G,-1.15,-0.46205544
P00711,Q73A,-0.41,-0.8074701
P00711,I78W,-0.93,0.6361711
P00711,Y122P,-0.22,-0.676143
P00711,Y122A,-2.39,-0.20520452
P00711,W123Y,-2.44,-1.2290688
P00712,T48I,0.12,3.0397666
P00712,A49T,0.06,-0.8414429
P00712,A49I,0.3,0.60633695
P00712,T52I,0.18,0.0
P00712,T48V,1.86,2.0097585
P00712,T57A,-1.6,-0.8105797
P00712,W137F,0.16,-0.43724823
P00712,W123F,-2.27,-1.6491494
P00712,W79F,-1.27,-1.4289045
P00712,W45F,-2.4,-1.2673779
P00712,V27A,-0.8,-1.0589869
P00712,L31A,-2.7,-2.2090294
P00712,L71A,-3.2,-3.106375
P00712,I74V,-2.7,-1.2596986
P00712,W79A,-2.0,-3.2500553
P00712,D106N,-1.1,0.0
P00712,I108V,-0.9,-0.24601258
P00712,V109A,0.9,-0.38531822
P00712,K112A,-1.7,0.0
P00712,I114V,-1.7,-0.69057757
P00712,L115A,-1.8,-1.3040632
P00712,Y122F,-2.1,-0.26587507
P00712,L124A,-0.3,-0.42443115
P00712,L129A,-0.3,-0.8764211
P00782,N325S,1.07,0.096553534
P00782,G276A,0.3,1.1957438
P00782,M157F,0.48,0.5667272
P00782,Y324K,0.72,-0.85811174
P00782,Q313C,1.25,0.615203
P00782,N183D,0.45,-0.13955173
P00807,D170N,-0.43,0.44560933
P00808,S140C,-0.9,0.88916624
P00808,S277C,-1.1,0.39791238
P00811,Y166F,-1.0,-0.937022
P00818,A31G,-1.6,-2.017074
P00818,E30D,-3.5,-0.3533866
P00818,E84D,-1.5,-0.1583663
P00818,F23L,-1.3,-1.4018985
P00818,F95L,-4.3,-1.4305098
P00818,G46A,-1.7,-0.8664268
P00818,I76V,-1.4,0.0
P00818,I87V,-1.8,-0.038572777
P00818,L90A,-1.7,-0.20559423
P00818,L66V,-5.4,-0.8109793
P00818,M62A,-4.0,-1.699948
P00818,P55A,-0.5,-0.360264
P00818,P72A,-1.6,-0.53825074
P00818,T43A,-1.8,-0.53895754
P00818,T79S,-1.4,-0.6530386
P00818,V14A,-2.6,-2.089602
P00818,V18A,-1.8,-2.4028563
P00818,V21A,-0.3,-2.0567195
P00818,V36A,-2.5,-1.8398004
P00818,V40A,-1.6,-2.060192
P00818,V48A,-1.9,-2.4987245
P00818,V52A,-1.9,-1.2944723
P00818,W65A,-1.5,-1.4162107
P00818,W39F,-0.0,-0.78453416
P00818,Y26A,-0.2,-1.4144464
P00818,Y12F,0.4,0.0008962083
P00818,Y12I,-2.2,0.9040396
P00918,W5F,-2.5,-0.8041101
P00918,W16F,-6.3,-1.6258984
P00918,C205S,0.1,0.00059865846
P00918,H107Y,-9.2,0.0
P00918,H107A,-8.3,-1.4242017
P00918,H107F,-8.6,-0.99799204
P00918,H107N,-5.4,-1.3329475
P00918,E117A,-4.7,-0.36516038
P00918,L60C,-0.1,-0.5345241
P00918,W123C,-0.0,-0.8885338
P00918,I255C,-0.3,-1.627212
P00918,V68C,-1.2,-1.5108027
P00918,S56C,-0.5,0.0050645033
P00918,D52A,-1.103333333,0.0
P00918,D52G,-2.0133333330000003,-0.10799077
P00918,H94Y,-1.17,0.34357023
P00918,G144R,-0.36,0.31095785
P00929,F22L,-1.05,-0.076919094
P00929,F22I,-4.58,-0.020779708
P00929,F22V,-3.44,-0.57155514
P00929,A18G,-1.5,-0.5563815
P00929,A18V,0.2,0.13904354
P00929,I232V,-0.7,-0.07376492
P00929,L209V,-0.8,0.0
P00929,Y175Q,-2.1,-2.140368
P00929,E49A,-0.3,-0.086141765
P00929,E49C,2.2,-0.025098532
P00929,E49D,-0.3,-0.2400313
P00929,E49F,2.4,0.041499153
P00929,E49G,-1.7,-0.97730815
P00929,E49H,1.3,0.17347768
P00929,E49I,8.0,0.58006257
P00929,E49K,-0.9,0.0
P00929,E49L,6.2,0.48769552
P00929,E49M,0.7,0.39230937
P00929,E49N,-0.6,-0.06580104
P00929,E49P,-0.6,-0.15523545
P00929,E49Q,-2.4,0.0
P00929,E49S,-1.3,-0.2448598
P00929,E49T,-0.0,0.0
P00929,E49V,0.9,0.37064052
P00929,E49W,1.1,0.30141935
P00929,E49Y,-0.4,0.19183564
P00929,F139W,-0.7,-0.011228476
P00929,F258W,-1.4,-0.17643617
P00929,G211D,-0.3,-0.7679979
P00929,G234D,1.4,-0.8663237
P00929,G211E,2.4,-0.29478037
P00929,G234K,0.5,-0.75814027
P00929,G211R,-2.8,-0.007893374
P00929,G211S,0.2,-0.25606433
P00929,G211V,-0.3,0.0010522963
P00929,G211W,-1.6,0.008181001
P00929,P28A,-2.5,-0.7250986
P00929,P62A,-0.7,-0.55533195
P00929,P96A,-1.6,-0.7802862
P00929,P132A,-0.9,0.0
P00929,P207A,-1.8,-0.7378951
P00929,P28G,-1.6,-0.9460131
P00929,P132G,-0.6,-0.95871675
P00929,P57A,-0.5,-0.6897404
P00929,C81N,-2.42,-0.55731654
P00929,L176N,-7.41,-2.4584236
P00929,L50N,-6.28,-2.3344219
P00929,L99N,-4.15,-3.2355547
P00940,Q179A,0.1,-0.27339
P00940,K193A,1.0,0.0024326327
P00942,C126S,-8.6,-4.0711265
P00942,C126A,-4.9,-3.2812843
P00942,I170A,-0.6,-3.2164254
P00942,L230A,-0.8,-2.9607182
P00942,K12G,-3.7,0.012373213
P00942,E97A,0.2,-0.8159591
P00942,E97D,0.1,-0.21671724
P00942,E97Q,0.1,-0.058969233
P00974,G47D,-4.3,-0.702435
P00974,G47V,-4.1,-0.33316916
P00974,P48A,-1.6,-0.18500102
P00974,P48S,-1.4,-0.008105245
P00974,A51T,-1.7,0.0499725
P00974,A51V,-1.3,0.040051885
P00974,F68I,-2.4,-1.0134696
P00974,F68L,-1.3,-1.1765639
P00974,Y70A,-4.7,-2.2281208
P00974,Y70D,-3.8,-2.7994995
P00974,Y70F,-0.6,-0.2746678
P00974,Y70G,-5.0,-3.1994581
P00974,Y70L,-3.7,-0.96685195
P00974,Y70N,-3.7,-2.2637954
P00974,G71D,-2.8,-0.68593156
P00974,G72A,-2.2,-0.7347696
P00974,G72D,-1.7,-0.8150571
P00974,F57A,-1.2,-1.824291
P00974,Y58A,-5.9,-2.996601
P00974,N78G,-5.7,-1.5502899
P00974,F80A,-6.9,-3.2104115
P00974,N79G,-4.7,-0.91657484
P00974,Y56A,-3.9,-3.221218
P00974,G71S,-0.7,0.0
P00974,R36A,-0.5,-0.41573024
P00974,P37A,-1.3,-0.53546286
P00974,D38A,0.2,0.0
P00974,F39A,-3.0,-0.7181405
P00974,L41A,-0.6,-1.1542569
P00974,E42A,-1.5,0.00031665587
P00974,P43A,-0.3,-0.7293814
P00974,P44A,-0.8,-0.6327244
P00974,Y45A,-1.2,-0.42372212
P00974,G47A,-1.8,-0.67958534
P00974,K50A,-0.4,-0.0741521
P00974,R52A,-0.3,-0.42677093
P00974,I53A,-1.5,-1.4858832
P00974,I54A,-2.1,-1.1579311
P00974,R55A,-1.8,-1.2434897
P00974,N59A,-2.2,-0.90049577
P00974,G63A,-1.0,-0.15690845
P00974,Q66A,-1.0,-0.21198702
P00974,T67A,-0.1,-0.35395765
P00974,V69A,-1.2,-1.028111
P00974,G71A,-2.1,-0.062772915
P00974,K76A,-0.4,-0.3094259
P00974,R77A,-0.5,-0.5944718
P00974,N79A,-3.3,-0.65211874
P00974,K81A,0.1,-0.07494803
P00974,S82A,-1.6,-0.43143174
P00974,E84A,-0.2,-0.15621498
P00974,D85A,-0.4,-0.018028505
P00974,M87A,-1.7,-1.092408
P00974,R88A,-0.1,-0.5643395
P00974,T89A,-0.1,-0.534945
P00974,G91A,-0.2,0.3217789
P00974,G92A,-0.2,0.012905555
P00974,C65G,-8.7,-4.50374
P00974,C65A,-6.1,-3.2735124
P00974,C65S,-8.0,-3.712511
P00974,C65T,-7.8,-3.3282957
P00974,C65V,-6.0,-2.1154456
P00974,R74A,-0.0,-0.41214246
P00974,L64A,-0.0,-0.34840244
P00974,K61A,-0.0,-0.09777274
P00974,T46A,-0.0,-0.4880485
P00974,F39L,-2.2,0.00037261553
P00974,Y45L,-2.9,-0.62022233
P00974,Y56L,-3.4,-1.4079864
P00974,L6A,-0.6,-1.1744132
P00974,Q31A,-1.0,0.0
P00974,L6M,-8.8,-0.22863165
P01006,M134A,-1.35,-1.7256575
P01006,M134V,-1.35,0.0
P01006,M134I,-2.01,0.45197174
P01006,M134L,0.77,0.018393192
P01006,M134G,-6.82,-3.491938
P01006,V44A,-6.78,-1.6933222
P01006,V44G,-10.3,-3.4092193
P01006,V44F,-5.69,-0.5491036
P01006,V44I,-0.84,0.0
P01006,V44L,-2.21,-0.002846828
P01006,V44M,-5.92,-0.6638404
P01006,M104K,1.27,-1.641863
P01006,M104D,1.08,-1.8822175
P01006,M104E,0.35,-1.4267035
P01006,M104G,-0.21,-2.9836328
P01006,M104A,0.54,-1.5887682
P01006,M104V,-0.46,-0.5762785
P01006,M104L,-0.13,-0.38203114
P01006,M104I,-0.73,-0.60569215
P01006,D83N,-0.98,0.1711272
P01006,D83C,-0.478,0.5551162
P01051,V14A,-1.04,-2.134181
P01051,V18A,-1.2,-0.4482088
P01051,L27A,-0.16,-0.18392904
P01051,V54A,-1.58,-2.534896
P01051,V62A,-1.01,-2.2564325
P01053,L28A,-2.64,-2.5801396
P01053,V39A,-0.46,-0.7857165
P01053,I40V,-1.27,-0.76708925
P01053,I49V,-1.09,0.0
P01053,I49A,-3.84,-1.9502845
P01053,V67A,-4.88,-1.9320942
P01053,L69A,-3.82,-2.2446976
P01053,V71A,-1.95,-1.898526
P01053,I77V,0.21,-0.09929572
P01053,I77A,-4.25,-2.8329706
P01053,T59D,0.04,-1.5594456
P01053,T59A,-0.69,-1.0446116
P01053,E61A,-0.68,-0.35327935
P01053,I40L,-1.96,-0.7086806
P01053,R68A,-1.21,-0.8789879
P01053,T23V,-0.32,0.0
P01053,T23A,-0.85,-0.088845536
P01053,T23G,-1.16,-0.8391482
P01053,I50V,0.08,-0.741673
P01053,I50A,-2.12,-1.5696814
P01053,I50G,-3.52,-2.2362733
P01053,I50T,-1.34,-0.7860577
P01053,V54T,-1.03,0.0
P01053,V54A,-0.64,0.0
P01053,V54G,-2.43,-0.4103085
P01053,A78G,-1.88,-1.3552799
P01053,V80T,-0.38,-1.5244269
P01053,V80A,-1.51,-1.4213104
P01053,V80G,-3.24,-2.6961687
P01053,V83T,-1.15,-0.6441964
P01053,V83A,-1.45,-0.7559887
P01053,V83G,-3.5,-0.8191695
P01053,K22A,-0.55,0.120026484
P01053,K22M,-0.67,0.06241309
P01053,P26A,-1.57,-0.47332
P01053,E27A,-0.47,-0.0947001
P01053,E27Q,-0.62,0.0
P01053,K31A,0.42,-0.0063261343
P01053,S32G,-0.8,-0.5073329
P01053,S32A,-0.89,-0.015554399
P01053,E34Q,-0.29,0.0
P01053,E34D,-0.52,-0.08619599
P01053,E34N,-0.7,0.0
P01053,E35Q,-0.47,0.0
P01053,E35D,-0.74,-0.15281233
P01053,E35N,-1.07,-0.020184813
P01053,A36G,-1.09,-1.46505
P01053,K37A,-0.49,0.08544616
P01053,K37G,-2.32,-0.7422141
P01053,K38A,0.21,0.09056507
P01053,K38G,-0.99,-0.7087488
P01053,L41A,-1.33,-1.0763938
P01053,L41G,-1.38,-1.7809032
P01053,Q42A,-0.02,-0.29217553
P01053,Q42G,-0.6,-0.7299223
P01053,D43A,-0.96,-0.035128027
P01053,K44A,-0.65,-0.11430268
P01053,K44G,-3.19,-0.8552325
P01053,P45A,-1.76,-0.5819844
P01053,E46A,-0.32,0.0
P01053,L52A,-2.37,-2.2021084
P01053,L52I,-0.26,0.15390454
P01053,L52V,-0.5,-0.31748778
P01053,P53A,-0.17,-0.2855827
P01053,T56S,-0.02,-0.05635586
P01053,T56V,-0.76,0.0
P01053,T56A,0.23,-0.23961209
P01053,I57A,-0.03,-1.0809379
P01053,V58A,-1.47,-1.8826435
P01053,R63A,-0.58,-1.2073956
P01053,D65A,-0.8,-0.5769757
P01053,F70L,-2.11,-0.54500043
P01053,F70V,-2.39,-0.38822857
P01053,F70A,-3.84,-1.4681592
P01053,D72A,-3.41,-0.53871274
P01053,K73N,-0.0,0.0
P01053,N76D,-1.21,-0.2682991
P01053,N76A,-0.83,-0.020868469
P01053,P81A,-3.34,-0.57162726
P01053,Q48M,0.3,0.27994227
P01053,E34A,0.6,0.0
P01053,E46Q,-0.6,0.0
P01053,I49G,-3.5,-3.739016
P01053,R82A,-0.6,-0.12953477
P01053,D75N,-0.0,0.1188347
P01053,I49T,-1.2,-2.2665803
P01236,H55A,0.09,-0.69375336
P01236,H58A,3.1,-0.94915223
P01236,H74A,-0.11,-0.00012408261
P01236,H87A,2.26,-0.9234719
P01236,H125A,1.07,-0.7409612
P01236,H166A,2.04,-0.27157298
P01236,H201A,0.24,-0.39476776
P01236,H208A,1.39,-0.99214673
P01236,H223A,-0.03,-0.16554832
P01241,E100A,-0.5,-0.29161495
P01241,E100S,-0.9,-0.47074318
P01241,E100T,-0.6,-0.18827136
P01241,E100D,-0.6,-0.040407546
P01241,S97A,-1.0,-0.22099729
P01241,E100Q,-0.2,-0.005491724
P01241,E100L,-0.8,-8.516363e-07
P01241,S97T,0.3,-0.0006394933
P01241,S97V,-1.2,-0.0024771201
P01241,S97Q,-1.3,-0.001215287
P01308,S33D,0.1,-0.22760856
P01308,H34D,1.3,-0.34626383
P01308,H34E,1.44,-0.04750507
P01308,H34T,-0.22,-0.16741326
P01308,T97A,0.16,-0.5858418
P01308,T97H,1.76,0.0
P01308,T97R,1.25,0.053484827
P01308,Y50T,-0.3,-1.011981
P01308,F49H,1.0,-0.73698914
P01308,F49D,0.6,-1.2969315
P01308,F25H,1.0,-0.24236631
P01308,F25D,0.6,-0.45578858
P01584,T125A,-0.8,-0.6133633
P01584,T125L,-0.7,0.014132325
P01584,T125Q,-1.9,-0.51181936
P01584,T125G,-2.6,-0.9903841
P01584,K213R,-0.5,0.1844401
P01584,K213G,-1.2,-0.6262934
P01584,K213V,0.8,0.18155776
P01584,R120Q,-1.0,-0.2786106
P01584,R120P,-0.4,-0.5241488
P01584,L122A,-3.1,-1.0648757
P01584,N123G,-2.6,-0.8452593
P01584,N123D,0.43,-0.23703103
P01584,C124A,-2.52,-1.096924
P01584,C124S,-4.8,-1.4080576
P01584,L126A,-5.1,-2.1814847
P01593,Y71F,1.290630975,-0.0714391
P01837,S14A,-1.434034417,-0.00043447563
P01857,Q230A,-1.1,-0.00071080663
P01857,Y232A,-0.7,-0.67790043
P01857,T233A,-0.1,-0.16003172
P01857,L234A,-1.3,-0.7308743
P01857,T249A,-2.3,-0.52275217
P01857,L251A,-2.2,-0.40583342
P01857,K253A,-1.1,0.0
P01857,K275A,-0.4,-0.0031677855
P01857,T277A,-0.6,-0.3543526
P01857,P278A,-3.2,-0.001929258
P01857,V280A,-0.6,-0.72251564
P01857,L281A,-0.1,-0.7910894
P01857,D282A,-0.7,0.0
P01857,F288A,-2.5,-0.56771624
P01857,Y290A,-2.1,-0.526569
P01857,K292A,-2.4,0.0
P02185,A131L,-2.3,0.0005813836
P02185,A131K,-3.7,-1.0764989
P02185,F124T,-3.5,-1.8525424
P02185,W8F,-0.9,0.0
P02185,W15F,-1.1,-1.0007186
P02185,M132A,-2.2,-1.2274551
P02185,F124K,-2.1,-1.9790301
P02185,H37Q,-0.8,-0.48207945
P02185,V69T,-0.6,-2.1737876
P02185,D45A,-0.15,0.065023944
P02185,K57A,-0.25,-0.031069659
P02185,D61A,-0.1,0.0
P02185,E19A,-0.7,0.0
P02185,E5A,-0.7,0.0
P02185,K78A,-0.05,0.0
P02185,V14A,-0.1,-0.019999962
P02185,L116A,-1.0,-2.3622127
P02185,F124A,-0.3,-1.9299488
P02185,L136A,-0.8,-2.1582155
P02185,L12A,-0.5,-0.80394804
P02185,F107A,-0.2,-0.8660977
P02185,L138A,-0.1,-1.3293021
P02185,A16L,0.2,0.15059674
P02185,A126L,0.4,0.0
P02185,A145L,0.1,0.23222084
P02185,H25V,-0.54,1.2347298
P02185,H49Q,-0.51,0.0
P02185,H65Q,-0.35,-0.27073663
P02185,H83Q,0.15,-0.00055313704
P02185,H94G,0.05,-2.6079392
P02185,H98Q,0.02,-0.14638373
P02185,H114Q,-0.36,0.0
P02185,H120F,-0.71,1.060537
P02185,Q9A,1.07,-0.083058104
P02185,Q9G,-0.63,-0.8908011
P02185,E110A,0.36,-0.013362631
P02185,E110G,-0.96,-0.8530403
P02185,K141A,0.6,0.000895873
P02185,I29L,-0.6,-0.07074848
P02185,I29M,-0.6,-0.6335823
P02185,I29A,-1.3,-2.2290606
P02185,I112L,-0.6,0.5603199
P02185,I112M,-1.1,-0.67289066
P02185,I112A,-1.8,-2.4208827
P02185,I143L,0.6,0.0
P02185,I143M,0.9,0.0
P02185,I143V,-0.1,-0.09264326
P02185,I143A,-1.1,-2.0748239
P02185,L30I,-1.1,0.0
P02185,L30M,0.1,-0.41246045
P02185,L30V,-1.7,-0.77205527
P02185,L30A,-2.4,-2.3444366
P02185,L70V,-0.1,-0.00012602098
P02185,L70A,-1.2,-1.8891077
P02185,L136I,-1.5,0.0
P02185,L136M,-0.8,-0.6837474
P02185,L136V,-2.2,-0.6840422
P02185,L50I,-0.8,0.00076795253
P02185,G130A,1.1,1.0127523
P02185,V67A,0.8,-0.6690001
P02185,P89A,0.6,0.0
P02185,H117A,0.2,0.0
P02185,T68A,-0.3,-0.38739467
P02185,S118A,-0.3,-0.02431563
P02185,L10A,-0.4,-1.8127587
P02185,G24A,-1.1,0.3698719
P02185,V115A,-1.4,-1.0096445
P02185,T52A,-1.4,-0.09902537
P02185,L150A,-1.6,-0.27435154
P02185,I31A,-1.9,-1.5866904
P02185,L33A,-2.04,-2.805694
P02185,G66A,-0.1,1.0603487
P02185,I29V,-0.0,-0.30494893
P02185,L70I,-0.0,0.0
P02185,L70M,-0.0,-0.0043285503
P02185,H82Q,-0.0,0.0
P02185,A144L,0.4,1.1759962
P02417,K12M,0.98,1.335125
P02417,D23N,-0.72,0.0
P02417,D23A,-0.46,0.0
P02417,H106Q,-0.76,0.0
P02417,H134Q,-0.34,-0.4888031
P02417,H144Q,-0.56,0.0001621978
P02417,M1G,-2.36,-3.5588133
P02417,M1A,-1.46,-2.2575803
P02417,V3I,-0.31,-0.10318271
P02417,V3L,-2.21,-0.58860326
P02417,V3A,-2.55,-2.874856
P02417,I4V,-0.59,-1.0065943
P02417,I4A,-2.22,-3.3785398
P02417,L6I,-0.13,-0.37678468
P02417,L6V,-0.41,-0.72380257
P02417,L6A,-3.1,-2.1233335
P02417,V21I,-0.4,-0.71057546
P02417,V21L,-1.23,-1.3905337
P02417,V21A,-2.33,-2.2956338
P02417,L30V,-3.62,-1.9650655
P02417,L30A,-2.76,-3.642518
P02417,K7M,0.35,0.0
P02417,K10M,0.05,0.0002793907
P02417,K14M,0.01,0.013799455
P02417,K15M,-0.31,0.0322669
P02417,D8N,-0.3,0.0
P02417,E17Q,-0.21,-0.012559799
P02417,E38Q,-0.56,0.0029512965
P02417,E48Q,0.03,0.0
P02417,E54Q,0.33,0.0010729332
P02417,F5V,-3.99,-0.006341042
P02417,L72A,-3.665,-2.8538356
P02417,I79A,-3.515,-2.820195
P02417,I93A,-3.265,-2.2848163
P02417,I98A,-4.5,-3.2265291
P02417,L102A,-2.55,-2.7712398
P02417,L108A,-2.44,-1.5387065
P02417,L110A,-3.165,-1.9891171
P02417,I115A,-3.635,-3.1800666
P02417,L117A,-0.6,-2.5569038
P02417,I121A,-3.075,-2.9891028
P02417,V129A,-1.73,-2.2218928
P02417,V131A,-1.665,-2.3486714
P02417,L133A,-2.945,-2.7018743
P02417,V137A,-2.195,-1.6011441
P02417,L141A,-3.525,-1.9507853
P02417,V143A,-3.285,-2.4684298
P02417,V145A,-1.925,-2.4025106
P02417,K96G,-0.515,-0.61337423
P02417,K96A,1.01,-0.0014293159
P02417,E100G,-1.95,-0.9521306
P02417,E100A,-0.935,-2.5988265e-06
P02417,F5L,-1.15,1.5773429
P02417,D8A,-1.3,-0.45470354
P02417,V9A,-1.81,-2.1256962
P02417,K10E,0.13,0.007794492
P02417,K12A,0.61,0.16406985
P02417,K12G,0.03,-0.50852096
P02417,K14A,-0.73,-0.21040517
P02417,K14G,-1.3,-0.053418975
P02417,K15G,-1.74,-0.012436471
P02417,E17A,-1.69,-0.3460528
P02417,I18V,-0.07,-0.0903415
P02417,I18A,-2.05,-2.5177724
P02417,A22G,-0.32,-0.21937361
P02417,G24A,0.02,-0.8355758
P02417,A26G,-1.79,-1.4487951
P02417,F31A,-2.84,-1.6178174
P02417,G34A,-1.02,-0.64177155
P02417,L35A,-1.21,-2.0656753
P02417,A36G,-1.55,-2.2284622
P02417,I37V,0.09,0.0
P02417,I37A,-1.28,-1.6091541
P02417,E38A,-0.41,0.30606556
P02417,A39G,-1.59,-1.7887427
P02417,T40S,-0.8,-0.77918136
P02417,A42G,-0.33,0.0
P02417,L44A,-1.73,-2.002026
P02417,A46G,-0.55,-0.73759866
P02417,L47A,-0.84,-1.8558135
P02417,A49G,-0.22,-0.49724835
P02625,H27P,1.25,-0.22437793
P02625,A22P,-1.92,0.04678137
P02625,K81S,-0.29,-0.0139563065
P02625,A21P,0.5,0.020103475
P02631,P22A,-0.7,-0.068139546
P02631,P27A,-0.7,0.001481281
P02633,E21Q,0.38,-0.0070107477
P02633,D23N,0.74,0.0
P02633,E30Q,0.09,0.0
P02633,P24G,-1.19,0.0014548397
P02633,Y17F,-1.19,0.022817379
P02633,L10V,-2.2,-0.6940525
P02633,F14A,-4.83,-2.9845123
P02633,L27A,-3.73,-1.9549592
P02633,L27G,-4.28,-3.0205626
P02633,L32A,-2.7,-2.3982515
P02633,V65A,-3.78,-1.8966401
P02633,V65G,-4.35,-3.053619
P02633,F70W,-2.34,-0.9606024
P02633,F70A,-4.97,-2.7404704
P02633,V74L,-1.19,0.21749642
P02633,I77V,-1.53,-0.07691414
P02647,L165R,-0.3,-2.0964859
P02647,L254P,0.0,-0.65703344
P02647,Y42P,-1.9,-1.6173353
P02689,F58A,-1.91,-1.5703448
P02689,P39G,-5.38,-1.3027763
P02689,I43N,-7.63,-3.394602
P02689,T51P,-1.51,-0.88866705
P02689,I52T,-5.17,-2.4439201
P02693,W7Y,-0.93,-0.9056949
P02693,W83Y,0.09,-0.00052770495
P02693,F69A,1.38,-2.3153296
P02693,F94A,-2.42,-0.88876855
P02693,L65A,-2.1,-2.5709944
P02693,L65G,-2.6,-3.2395139
P02693,A105C,2.5,0.6571015
P02693,G66A,-1.3,-0.7742032
P02693,I24C,0.9,-1.9268664
P02693,L73C,-0.1,-0.08802657
P02693,L90C,-0.6,-2.3493624
P02693,S53C,0.6,0.00025821404
P02693,V61C,0.8,-0.9104024
P02693,V61N,-0.9,-1.242127
P02753,W42F,-2.5,-2.3938057
P02753,W42L,-2.6,-2.8196707
P02753,W42Y,-2.2,-1.582637
P02753,W109H,-0.1,-0.5323247
P02753,W123F,-0.4,-0.7599846
P02753,R139Q,-2.6,-0.21801475
P02754,W35Y,-6.91,-1.599611
P02925,A52T,-3.3,-0.29435468
P02925,V75E,-3.5,-2.1280556
P02925,L62C,-2.7,-0.66269195
P02945,S48A,-0.3,0.0
P02945,D49A,-0.9,0.01037452
P02945,P50A,-0.2,-0.18391898
P02945,D51A,-0.5,0.0
P02945,K53A,-0.3,-0.65804726
P02945,K54A,-1.6,0.0
P02945,F55A,-1.6,-1.509532
P02945,Y56A,-1.3,-1.4428924
P02945,I58A,-1.9,-2.089037
P02945,T59A,-2.2,-0.010098061
P02945,T60A,-1.0,0.0
P02945,L61A,-0.1,-1.7599145
P02945,V62A,0.7,-1.8179077
P02945,P63A,0.1,0.24459088
P02945,I65A,-1.4,-2.094233
P02945,F67A,-1.0,-0.31390846
P02945,T68A,-0.1,0.0
P02945,M69A,1.4,-0.23023702
P02945,Y70A,-3.7,-2.8396864
P02945,L71A,0.3,-1.798202
P02945,S72A,0.1,0.21766889
P02945,M73A,-0.8,-1.9003559
P02945,L74A,0.7,-0.42375526
P02945,L75A,0.5,-0.20418051
P03023,K84L,-0.2,0.43862617
P03051,L41V,-2.53,-1.8773425
P03051,L41A,-6.12,-3.3355956
P03051,D30G,2.0,-1.035001
P03051,D30Q,1.8,-0.028343545
P03051,D30E,1.0,-0.00057212583
P03051,D30S,1.0,-0.33635992
P03051,D30K,0.9,-0.01678453
P03051,D30H,0.9,-0.0069818273
P03051,D30C,0.8,-0.24805412
P03051,D30R,0.8,0.0
P03051,D30N,0.8,-0.001816552
P03051,D30M,0.6,0.0
P03051,D30A,0.3,-0.41115737
P03051,D30Y,0.2,0.0
P03051,D30L,-0.1,-0.05655914
P03051,D30F,-0.1,0.0
P03051,D30T,-0.4,-0.14597055
P03051,D30V,-0.4,-0.05163887
P03051,D30W,-0.4,0.0
P03051,D30I,-0.8,0.0
P03051,D30P,-1.6,-0.5156911
P03069,K256A,-0.39,-0.43790174
P03069,E259Q,-0.74,0.0
P03069,K263A,-0.41,-0.62808067
P03069,E268Q,0.2,0.0
P03069,E270Q,-1.83,0.0
P03069,R273A,-1.66,-0.5767376
P03069,K275A,-0.91,-0.512223
P03069,K276A,-0.06,-0.0915322
P03958,W117F,2.96,0.0
P03958,W161F,8.7,-0.2280136
P03958,W264F,8.64,-0.008115035
P03958,W272F,1.25,0.0
P03962,S154A,-5.8,-0.28298932
P03962,R235A,-5.6,-1.4490461
P03962,Y217F,-2.4,-0.0014082349
P03962,Q215A,-2.2,-0.20508865
P04080,P36G,-1.362332696,-0.36303958
P04080,H75W,0.573613767,0.1384241
P04080,P79S,1.744741874,0.0
P04156,V209M,2.700764818,-0.3256734
P04156,Q212P,-1.23,-0.15266812
P04156,D178N,-0.38,0.008499312
P04156,P105L,-0.2,-0.026541442
P04156,V203I,0.06,0.06740165
P04164,M69A,5.0,-2.5862381
P04164,M69H,-0.7,-2.3061543
P04166,R31H,1.4,0.30341643
P04166,P97A,-0.7,-0.012040183
P04166,D76R,0.1,0.3103524
P04166,P81A,-1.1,-0.0136175845
P04168,Y12F,-2.3,-0.8872274
P04179,I82T,-2.7,-1.5194771
P04179,Y58F,12.7,-0.57727444
P04179,Q167N,2.79,-0.12781747
P04179,Q143N,1.4,-0.00010283926
P04271,L4A,-1.19,-0.7591914
P04271,L4S,-2.77,-0.58728576
P04271,M8A,-5.26,-1.0168207
P04271,I12A,-4.13,-1.3400235
P04271,F15A,-7.53,-2.8776217
P04273,F175W,-0.4780114720000001,-0.9586979
P04273,F198W,-0.717017208,-0.0052004037
P04925,M128V,-0.33,-0.33058202
P04925,V179I,-0.5,-0.056582924
P04925,T182A,-4.62,-0.9113541
P04925,T189V,-0.17,-0.011853123
P04925,F197S,-2.46,-0.38981912
P04925,E199K,-0.14,0.0
P04925,R207H,-1.44,-0.4020012
P04925,V209I,-0.26,0.0
P04925,Q216R,-2.13,0.09695889
P04925,F174W,-0.1,-0.9791538
P04925,T190V,-0.17,-0.00045005936
P05230,C98S,-1.31,-3.4334445
P05230,C132S,-0.93,0.0
P05230,C31S,-2.89,-1.1449425
P05230,H108G,1.31,-0.50014913
P05230,L59P,0.69,-3.0470357
P05230,L88V,-1.46,-1.1920176
P05230,V124L,-0.57,0.0056603765
P05230,N121G,0.38,-0.2217648
P05230,H108A,-0.43,-0.47627664
P05230,H108N,0.29,0.0
P05230,G77A,-1.43,-0.03820357
P05230,G77N,-0.79,0.08748227
P05230,A118G,-0.41,0.0012372616
P05230,H36Y,1.01,1.1058936
P05230,L59F,0.87,-1.0148963
P05230,H117Y,0.44,1.0032873
P05230,F123Y,0.94,0.14985418
P05230,V124I,0.06,0.10019497
P05230,L59W,0.81,-1.2712672
P05230,F100W,-0.1,-1.193336
P05230,F147W,-0.38,-1.049042
P05230,V46W,0.96,-1.327036
P05230,C132I,0.36,0.17607546
P05230,C132V,-0.3,0.07430011
P05230,V46I,-1.0,0.0
P05230,C31A,0.7,-0.96232665
P05230,C31T,0.6,-0.46600565
P05230,C31V,-0.74,0.0
P05230,C98A,-1.14,-2.9831736
P05230,C98T,-1.21,-2.9911418
P05230,C98V,-2.6,-1.8475517
P05230,C132A,0.34,0.028555084
P05230,C132T,-0.35,0.08094628
P05413,F17Y,-3.44,-0.69381416
P05413,F58S,-3.63,-1.7465522
P05413,Y129F,-3.82,-0.029718546
P05413,T41E,-3.27,-0.48844022
P05413,T41Q,-4.37,-0.49856916
P05413,T41V,-1.84,1.6253074
P05413,R107T,-3.54,-1.0864837
P05413,R127K,-4.66,-0.8551413
P05413,R127Q,-0.62,-0.82047725
P05413,F5S,-3.7,-3.1089282
P05413,W9E,-3.8,-3.455626
P05413,F17S,-4.0,-2.7720337
P05413,K22I,-0.0,0.23673424
P05413,T40E,-2.4,-0.6423143
P05413,T40Q,-2.7,-0.6263695
P05413,T40V,-0.8,0.22113767
P05413,F65S,-3.8,-3.8400562
P05413,L67G,-3.7,-3.2459939
P05413,G68S,-1.2,-0.7962439
P05413,E73S,-3.7,-0.16689572
P05798,D17K,-1.1,0.088428006
P05798,D25H,0.9,-0.00045425876
P05798,E41K,-1.2,0.0
P05798,E74K,1.1,0.0
P05798,Y30F,0.4,-0.50813305
P05798,Y49F,-0.2,-0.23982245
P05798,Y51F,-2.3,-0.81228244
P05798,Y52F,-3.6,-1.1512852
P05798,Y55F,-0.6,-0.46631652
P05798,Y80F,-1.5,-0.7773957
P05798,Y81F,-1.2,-0.89510024
P05798,Y86F,-0.3,-0.6767813
P05798,N39D,-1.5,-0.7166797
P05798,N39S,-2.3,-1.1197567
P05798,N39A,-2.2,-1.5207071
P05798,D25K,-0.9,0.00057780044
P05798,T18V,-1.4,0.0
P05798,T56V,-1.9,-0.18704556
P05798,T82V,-1.7,-0.7968901
P05798,T16V,0.3,0.0
P05798,T59V,-1.7,-0.0071031665
P05798,T72V,-0.2,0.44425878
P05798,V2T,-0.9,-6.47906e-05
P05798,V36T,-1.3,-0.69369876
P05798,V43T,-0.5,-0.4400887
P05798,V57T,-4.4,-2.7373173
P05798,Q38A,1.0,-0.081236444
P05798,E54Q,-1.7,-0.02367581
P05798,R65A,-1.0,-1.7692959
P05798,D79F,3.0,2.1677215
P05798,D79Y,2.9,2.443067
P05798,D79A,2.8,0.77476263
P05798,D79I,2.9,3.0596266
P05798,D79R,2.7,1.4495301
P05798,D79L,2.7,2.3367963
P05798,D79K,2.3,0.64973366
P05798,D79W,2.3,2.3479698
P05798,D79H,1.8,0.6789641
P05798,D79N,1.8,0.40902317
P05798,D79E,-0.3,0.22085674
P05798,Q94K,0.3,0.009500224
P05798,D33A,-6.2,-0.72590697
P05798,R40E,0.3,-1.0853398
P05798,H85Q,-0.0,-1.4914286
P05798,T67V,-0.0,0.030504497
P05798,T5V,-0.0,0.12235384
P05798,A23K,0.3,0.07201864
P05798,I22K,-3.4,-2.6014004
P05798,L19K,-3.4,-1.8076817
P05798,I22V,-1.48,-1.0023487
P05798,I58V,0.0,0.0
P05798,I70V,-0.94,-1.2408957
P05798,I71V,-0.13,0.0
P05798,I92V,-1.0,-0.73315465
P05798,L11A,-3.08,-1.9662406
P05798,L19A,-3.65,-1.6419644
P05798,L21A,-0.41,-1.7548835
P05798,L8A,-1.34,-1.3737547
P05798,L91A,-0.84,-0.73703057
P05798,N20A,0.0,-0.0001291756
P05798,S24A,-0.2,0.0
P05798,S31A,0.4,-0.023785273
P05798,S3A,-0.3,0.025696533
P05798,S42A,0.1,-0.37715667
P05798,S48A,0.5,-0.023380138
P05798,S90A,0.2,-0.024012845
P05798,S9A,-1.3,0.00039571483
P05798,T95A,-0.6,-0.057265576
P06709,G196A,0.4,-0.020528302
P06709,E140A,-0.2,-0.1493555
P06709,G281A,-0.2,0.0
P06709,P143A,-0.3,-0.00026311315
P06709,D197A,-0.3,0.0
P06709,I280A,-0.3,-0.6662831
P06709,K283A,-0.3,-0.22647887
P06709,T195A,-0.4,-0.060517628
P06709,G142A,-2.95,0.41323894
P07107,F6A,-2.52,-2.9670112
P07107,A10G,-1.81,-1.580764
P07107,V13A,-1.69,-1.5236669
P07107,L16A,-3.1,-1.7115405
P07107,P20A,-1.07,-0.5400089
P07107,D22A,0.42,-0.018356603
P07107,D22H,-0.56,0.0006115857
P07107,L26A,-1.02,-2.9997969
P07107,Y29A,-2.47,-3.053993
P07107,Y29F,-1.06,-0.9631735
P07107,Y29N,-2.23,-3.2030435
P07107,Y32N,-1.52,-1.9774041
P07107,K33A,-1.02,-0.3129902
P07107,K33R,-1.83,0.0774633
P07107,K33E,-1.68,0.2389408
P07107,Q34A,-3.66,-0.72816527
P07107,A35G,-1.57,-1.5125377
P07107,T36A,-1.09,-0.8547348
P07107,P45A,-1.4,-1.083893
P07107,K53M,0.18,0.0
P07107,K55A,-0.86,-0.2397834
P07107,K55M,0.27,0.0
P07107,E68A,-0.36,-0.19652563
P07107,Y74A,-4.83,-3.175115
P07107,Y74F,0.27,-0.88378495
P07107,V78A,-1.14,-1.7506127
P07107,L81A,-3.7,-2.1130178
P07107,F27A,-1.53,-0.458961
P07107,I40A,-1.06,-1.1089482
P07107,A70G,-1.55,-2.053947
P07107,I75A,-1.34,-2.8303318
P07107,A9G,-1.9,-1.8057888
P07170,N171D,-2.15,-0.044035114
P07170,T79H,-2.15,-0.04826927
P07170,V10I,-1.19,0.62008345
P07170,I215F,-1.91,-1.2539428
P07170,Q50E,-1.0,6.175204e-05
P07170,T112H,-2.1,-0.11542849
P07311,A29E,0.406038,0.09157891
P07311,G31A,1.7435759999999998,2.002583
P07320,R80A,-1.0,-1.0278854
P07320,M147A,-1.1,-0.33910698
P07320,Q55A,-0.2,-0.023413211
P07320,Q143A,-0.5,-0.055534184
P07320,F57A,-1.6,-0.9604134
P07320,I82A,-2.4,-1.3374488
P07320,V132A,-2.7,-1.0460188
P07320,L145A,-1.2,-1.2515285
P07320,M44A,-0.7,-0.9311361
P07320,V170A,1.3,-0.9645854
P07320,S130P,-0.3,0.0
P07320,D9E,-0.043021033,0.03584552
P07320,S130H,-1.5,0.0
P07320,S130T,-1.2,0.15477481
P07445,Y16S,11.9,-2.652639
P07445,Y32S,13.7,-2.5577009
P07445,Y57S,9.5,-2.334753
P07445,Y16F,-1.8,-0.05138982
P07445,Y32F,0.2,0.07856764
P07445,Y57F,-1.2,0.017531423
P07445,V101L,-1.7,-8.853467e-05
P07445,W92A,-3.1,-0.37850368
P07737,A20T,-1.53,-0.8134784
P07739,H82A,-2.8,-0.6185404
P07739,H81A,-3.2,-0.6085857
P07740,A81H,-2.7,0.6026851
P07740,H82A,-2.7,-0.65170264
P07845,A8D,1.6,-0.05936961
P08463,P7A,-0.2,-0.26570657
P08463,P20A,-0.3,-0.08173604
P08463,P29A,0.23,-0.23320213
P08463,P44A,-3.04,-1.1300707
P08463,P52A,-2.57,-1.1533358
P08463,P58A,-0.35,-0.07074806
P08463,P90A,1.19,-1.3169669
P08463,P92A,0.07,-1.1045276
P08463,P90G,1.33,-2.054745
P08463,P92G,0.07,-1.9515443
P08463,S28A,-0.34,-0.54347736
P08463,S28G,0.89,-1.0309843
P08463,V89A,-0.24,-0.02584934
P08463,V89G,0.81,-0.33520257
P08877,S46D,0.74,-0.6490909
P08877,G49A,0.8,0.33044732
P08877,G49E,1.4,-0.008087073
P08877,G49K,-1.0,0.00052850385
P08921,L38V,2.2,-1.0716684
P08921,I40V,1.17,-0.0016770302
P08921,V52A,4.88,-1.4799283
P08921,A62G,1.71,-0.8772847
P08921,L72V,-0.37,-9.593961e-05
P08921,I79V,0.43,-0.07631193
P08921,V100A,3.01,-1.2567875
P08921,L111V,0.14,0.0
P08921,L117V,0.75,-0.8845421
P08921,Y98F,1.49,-0.7122096
P09012,Y13F,-0.7,0.0
P09012,Y13T,-1.3,-1.4867436
P09012,Y31S,-2.3,-1.0936573
P09012,Y78D,-5.1,-0.58285725
P09012,Y86F,-2.6,0.0
P09012,Y86T,-2.9,-1.3389363
P09012,Y31F,-0.0,-0.09532051
P09012,Y78F,-0.0,-0.044190772
P09012,F56W,1.1,-0.8496708
P09012,F56Y,0.2,-0.7510302
P09012,Q54E,0.3,-0.09411356
P09012,Q54N,-0.6,-0.090256654
P09012,G53A,-3.2,-0.7155411
P09012,G53V,0.2,-0.21645385
P09850,V126C,1.3,-1.8485215
P09850,S128C,3.0,0.3458231
P09919,G56A,3.1,0.34549373
P09919,G58A,2.7,0.9429277
P09919,G106A,1.4,0.7790287
P09919,G114A,-1.7,-0.73799384
P09919,G120A,-1.9,0.5529226
P09919,G182A,2.3,1.0714023
P09919,G183A,2.9,1.3276967
P09919,E63A,0.3,-0.22610708
P09919,E79A,-0.3,-0.37361747
P09919,L83E,-0.2,-2.1001453
P0A2D5,V10T,-4.0,-2.0347462
P0A2D5,V11T,-3.2,-1.6722848
P0A2D5,D12A,2.5,0.0
P0A2D5,D13A,2.7,-0.0016571843
P0A2D5,F14A,0.8,-0.025913294
P0A2D5,V21T,-0.2,-1.6060737
P0A2D5,N23G,-0.0,-0.8554597
P0A2D5,V33T,-1.5,-1.7992809
P0A2D5,A36G,-3.1,-1.2486713
P0A2D5,D38A,-1.9,0.0040727686
P0A2D5,D38G,-1.0,-0.11539708
P0A2D5,V40T,-0.8,-0.0016225665
P0A2D5,A42G,-2.3,-1.3147978
P0A2D5,I55V,-1.5,-0.6655272
P0A2D5,D57A,3.4,0.0
P0A2D5,P61G,-0.6,-0.63465273
P0A2D5,D64A,-1.0,0.0
P0A2D5,I72V,-1.5,-0.40944642
P0A2D5,A74G,-0.3,-0.41584837
P0A2D5,V83T,-3.5,-2.2954988
P0A2D5,A97G,-1.4,-0.6970793
P0A2D5,A98G,-1.3,-1.2574971
P0A2D5,A99G,-0.5,-0.76105714
P0A2D5,A101G,-1.0,-0.8445698
P0A2D5,A103G,-1.7,-1.3190422
P0A2D5,V108T,-1.0,-0.6305058
P0A2D5,T112A,-1.5,-0.4082459
P0A2D5,T112G,-1.0,-0.8160766
P0A2D5,A113G,-1.3,-0.9232127
P0A2D5,A114G,-0.8,-0.30255944
P0A2D5,I123V,-0.8,-0.15608609
P0A3C7,R43A,-2.4,-0.58001447
P0A3C7,T49A,0.1,-0.5399588
P0A3C7,F66A,-1.0,-0.68671393
P0A3C7,E95Q,0.6,-0.006566492
P0A3C7,E95D,-1.1,-0.062026806
P0A3C7,E95K,-0.4,0.0
P0A3C7,F66I,-0.9,0.12713125
P0A3C7,F66W,-0.6,0.0
P0A3C7,F66Y,-0.5,0.0028820867
P0A3C7,R43H,-1.4,-0.5282401
P0A3E0,F8L,-0.04,0.36552435
P0A3E0,Y48F,-0.59,-0.31131908
P0A3E0,H35A,-0.83,-0.016562793
P0A3E0,E21K,1.6,-0.00021182778
P0A3E0,E41K,2.21,0.0
P0A3E0,E62K,0.88,0.0
P0A3E0,D66K,-0.26,0.24626362
P0A3E0,E73K,1.28,0.0
P0A3E0,D76K,1.0,0.13489535
P0A3E0,D127K,1.01,0.09481187
P0A3E0,D151K,-0.28,0.080168456
P0A3E0,L7A,-3.53,-2.158559
P0A3E0,I23V,-1.94,-0.6845602
P0A3E0,V32A,-2.39,-1.4497719
P0A3E0,D44A,0.09,0.0
P0A3E0,I52V,-1.98,-0.4681589
P0A3E0,I53V,-1.38,-0.4698555
P0A3E0,S72A,-0.65,-0.06298235
P0A3E0,A85G,-2.17,-1.4721498
P0A3E0,N98A,-0.83,-0.0069473856
P0A3E0,Q100A,1.72,0.0
P0A3E0,I105V,-0.67,-0.047965176
P0A3E0,S111A,-1.03,0.0
P0A3E0,V118A,-2.05,-1.3100197
P0A3E0,T123S,-0.37,-0.16802838
P0A3E0,V140A,-1.51,-0.12120193
P0A3E0,L144A,-0.14,-0.44491017
P0A3E0,I157V,-3.6,-0.14009386
P0A3E0,V161A,-2.46,-0.38506076
P0A3E0,I23A,-0.67,-2.28476
P0A3E0,V19I,0.27,0.23709923
P0A3E0,I22A,-0.02,-0.9787264
P0A3E0,I22G,0.01,-1.9561422
P0A3E0,L51A,0.05,-2.3624659
P0A3E0,G69A,0.45,0.52686536
P0A3E0,V84I,0.06,0.0020595556
P0A3E0,A102V,0.22,0.65860605
P0A3E0,E108A,0.23,-0.04330661
P0A3E0,Q112G,0.1,-0.46636176
P0A3E0,V19L,0.04,0.12626836
P0A3E0,G88A,-0.09,0.68356264
P0A3E0,G88V,0.12,1.3970721
P0A3E0,G88L,-0.21,1.2847191
P0A3E0,A102L,-0.53,0.3817742
P0A3E0,D75K,-0.0,0.19014624
P0A3E0,I22V,-1.7,-0.046966694
P0A3E0,V31A,-1.9,-0.4309223
P0A3E0,E107A,0.6,-0.006761089
P0A3E0,I23G,-0.8,-3.8822074
P0A3E0,I103V,-0.7,-0.12881228
P0A3E0,L142A,-0.1,-0.9111454
P0A3E0,E107G,-1.02,-0.86360955
P0A3H0,A27S,-1.19,-0.2594276
P0A3H0,S31T,0.41,0.475505
P0A3H0,V42I,-0.82,-0.04660987
P0A3H0,A56S,-0.13,0.0042709354
P0A3H0,M69I,-0.0,0.77835953
P0A434,H257L,-2.5,0.49810058
P0A6F9,I3C,-0.4,-1.9801373
P0A6F9,I3W,-0.4,-1.3141549
P0A6F9,V95C,-0.3,-1.2173407
P0A6F9,I48W,-0.2,0.0
P0A6R3,P61A,-0.5,-0.06354022
P0A780,D118N,-1.34,0.0067728753
P0A780,D118A,-0.65,-0.05163111
P0A780,D118R,-1.41,0.20850658
P0A780,D118E,-0.6,0.07964399
P0A780,D118K,-1.6,0.00152104
P0A7Y4,H62A,0.38,-0.14391321
P0A7Y4,H83A,-0.01,0.0
P0A7Y4,H114A,-2.63,-0.015982324
P0A7Y4,H124A,0.48,-0.99073166
P0A7Y4,H127A,-0.58,-0.20280746
P0A7Y4,S68G,-2.2,-0.7397454
P0A7Y4,S68A,0.19,0.0
P0A7Y4,S68T,0.1,0.35127115
P0A7Y4,S68V,1.29,0.9101039
P0A7Y4,S68L,-1.0,0.97111416
P0A7Y4,H62P,0.74,-0.046722993
P0A7Y4,I53A,-2.1,-1.920343
P0A7Y4,Q105G,-2.2,-1.0366824
P0A7Y4,D10A,3.3,-0.41187048
P0A7Y4,R27A,-2.2,-0.6242766
P0A7Y4,K91R,0.2,0.083683684
P0A7Y4,D94E,-0.4,0.040539287
P0A7Y4,K95G,1.7,-0.04615713
P0A7Y4,K95A,0.1,-0.04024039
P0A7Y4,K95N,0.9,0.0
P0A7Y4,A52I,1.9,2.1836023
P0A7Y4,A52V,1.7,1.509838
P0A7Y4,A52L,1.3,1.913035
P0A7Y4,A52C,0.8,0.5048285
P0A7Y4,A52M,0.5,1.1929178
P0A7Y4,A52F,0.5,1.0651834
P0A7Y4,A52T,-0.8,-0.0013742743
P0A7Y4,A52Q,-1.2,-0.6689913
P0A7Y4,A52E,-1.5,-1.0726436
P0A7Y4,A52P,-1.6,-0.76727754
P0A7Y4,A52S,-1.8,-1.0105653
P0A7Y4,A52N,-1.8,-0.93197346
P0A7Y4,A52D,-1.9,-1.471179
P0A7Y4,A52Y,-2.3,0.87222034
P0A7Y4,A52G,-2.7,-1.6410542
P0A7Y4,A52H,-3.6,-0.39755177
P0A7Y4,A52K,-5.9,-0.63355315
P0A7Y4,D10N,2.0,-0.006527315
P0A7Y4,D10E,1.0,-0.01102582
P0A7Y4,D10S,2.7,-0.10190685
P0A7Y4,D10H,2.4,-0.055869214
P0A7Y4,E48Q,0.3,-0.016098568
P0A7Y4,E48A,-0.3,-0.28070262
P0A7Y4,E48D,-0.2,-0.26690525
P0A7Y4,D70N,1.6,-0.015668254
P0A7Y4,D70A,1.1,-0.5455985
P0A7Y4,D70E,0.1,-0.039398335
P0A7Y4,D134N,1.8,0.0
P0A7Y4,D134A,2.0,-0.016151927
P0A7Y4,G23A,0.7,0.03063212
P0A7Y4,V74L,1.1,-0.013772955
P0A7Y4,D134H,0.5,0.0
P0A7Y4,D134E,0.86,0.0
P0A7Y4,D134Q,1.32,-0.0012148642
P0A7Y4,D134S,1.08,-0.0016017366
P0A7Y4,D134T,1.08,-0.0016506589
P0A7Y4,D134V,1.12,0.010318237
P0A7Y4,D134I,1.27,0.14262757
P0A7Y4,D134L,1.51,-0.00830269
P0A7Y4,G77A,-0.9,0.7940734
P0A7Y4,Q113P,-0.2,-0.15400779
P0A7Y4,V74I,0.7,0.0
P0A7Y4,V74A,-2.2,-1.3249283
P0A7Y4,A24V,0.88,1.4235163
P0A7Y4,H62R,0.36,0.18677244
P0A7Y4,H62D,-0.17,-0.30466908
P0A7Y4,K117R,0.03,0.40740508
P0A7Y4,E119V,0.74,0.44767225
P0A7Y4,R41C,0.44,-0.082211
P0A7Y4,E135K,-0.22,0.0
P0A7Y4,Q76L,0.24,0.13928191
P0A7Y4,Q80L,0.3,0.06308772
P0A7Y4,A125T,0.1,0.06642152
P0A7Y4,I53V,-0.2,-0.46383798
P0A7Y4,I53L,-1.4,0.0
P0A7Y4,I53F,-3.9,-0.9334508
P0A7Y4,I53D,-4.1,-3.288358
P0A7Y4,Y28F,-0.7,-0.13259664
P0A7Y4,D94R,1.1,0.26502854
P0A7Y6,K95G,1.9,-0.04615713
P0A7Y7,D134N,0.5,0.0
P0A877,E49G,0.08,-0.9619743
P0A877,E49A,-0.08,-0.09842715
P0A877,E49V,0.14,0.34176522
P0A877,E49I,0.46,0.5517254
P0A877,E49L,0.44,0.44438154
P0A877,E49P,-0.6,-0.16172068
P0A877,E49Y,-0.17,0.17183644
P0A877,E49F,-0.86,0.038625218
P0A877,E49W,-0.97,0.29343966
P0A877,E49H,0.33,0.14866728
P0A877,E49K,0.2,0.0
P0A877,E49N,-0.69,-0.06619143
P0A877,E49Q,-0.23,0.0
P0A877,E49D,-0.8,-0.22624332
P0A877,E49C,0.01,-0.027162325
P0A877,E49M,-0.05,0.3764344
P0A877,E49T,-0.62,0.0
P0A877,E49S,-0.59,-0.2438984
P0A877,P28G,-1.6,-0.9673175
P0A877,P28A,-2.5,-0.73571664
P0A877,P132G,-0.6,-0.9523083
P0A877,P207A,-1.8,-0.74673724
P0A877,P57A,-0.24,-0.70325685
P0A877,P62A,-0.69,-0.55239
P0A877,P96A,-1.6,-0.7816001
P0A877,P132A,-0.91,-0.002079673
P0A877,F22L,2.2,-0.16760193
P0A877,G211E,2.4,-0.33190686
P0A877,G234D,1.4,-0.8714379
P0A877,G234K,0.5,-0.76528573
P0A877,G211D,0.2,-0.78403854
P0A877,G211S,-0.4,-0.31007808
P0A877,G211V,0.3,0.0
P0A877,G211W,-0.7,0.0028218245
P0A877,G211R,-0.4,-0.011518739
P0A877,Y175C,-0.1,-1.4188855
P0A877,F139W,-0.07,-0.0083349785
P0A877,F258W,0.23,-0.19792086
P0A877,C81S,-1.41,-0.71304184
P0A877,C81G,-1.58,-1.1121132
P0A877,C81A,-0.69,-0.41687036
P0A877,C81V,-1.32,0.3667292
P0A877,C118S,-2.27,-1.0455327
P0A877,C118A,-1.36,-0.38047445
P0A877,C118V,-1.34,0.2731532
P0A877,C154S,-1.72,-1.0936558
P0A877,C154A,-1.03,-0.50822854
P0A877,C154V,-1.12,1.1104021
P0A877,I37A,-1.41,-1.6879566
P0A877,L50A,-0.14,-2.0888953
P0A877,L99A,-1.69,-2.411631
P0A877,L127A,-0.73,-1.7591202
P0A877,L176A,-2.88,-1.8944964
P0A877,K109N,-0.1,-0.0006726772
P0A878,E49M,4.6,0.3764344
P0A878,E49Q,-2.5,0.0
P0A878,G211V,0.25,0.0
P0A878,G211R,-0.05,-0.011518739
P0A878,G211E,-0.2,-0.33190686
P0A878,G211D,-0.25,-0.78403854
P0A878,G211S,-0.35,-0.31007808
P0A878,G211W,-0.6,0.0028218245
P0A878,G234D,1.7,-0.8714379
P0A878,F22L,0.7,-0.16760193
P0A878,G234K,0.1,-0.76528573
P0A878,E49I,1.24,0.5517254
P0A878,E49L,1.04,0.44438154
P0A878,E49V,1.01,0.34176522
P0A878,E49P,0.8,-0.16172068
P0A878,E49H,0.67,0.14866728
P0A878,E49G,0.6,-0.9619743
P0A878,E49A,0.59,-0.09842715
P0A878,E49K,0.39,0.0
P0A878,E49N,0.27,-0.06619143
P0A878,E49Y,0.26,0.17183644
P0A878,E49S,0.09,-0.2438984
P0A878,E49C,0.01,-0.027162325
P0A878,E49F,-0.02,0.038625218
P0A878,E49D,-0.03,-0.22624332
P0A878,E49T,-0.26,0.0
P0A878,E49W,-0.97,0.29343966
P0A878,Y175C,-0.1,-1.4188855
P0A878,F258W,0.23,-0.19792086
P0A878,F139W,-0.07,-0.0083349785
P0A878,I95A,-0.3,-1.7118702
P0A878,Y102A,-2.8,-1.5610075
P0A878,P96A,-3.3,-0.7816001
P0A878,L100A,-3.5,-1.6776255
P0A878,P93S,-4.1,-0.0058964468
P0A878,H244A,-4.2,0.0
P0A878,C81V,-0.692653,0.3667292
P0A878,C154A,-1.027038,-0.50822854
P0A878,C154V,-1.122576,1.1104021
P0A878,C118S,-1.313653,-1.0455327
P0A878,C118V,-1.337538,0.2731532
P0A878,C118A,-1.361422,-0.38047445
P0A878,C81S,-1.409191,-0.71304184
P0A878,C81A,-1.576384,-0.41687036
P0A878,C154S,-1.719691,-1.0936558
P0A878,C81G,-2.269037,-1.1121132
P0A878,P28G,-1.66,-0.9673175
P0A878,P28A,-4.12,-0.73571664
P0A878,L127A,-0.64,-1.7591202
P0A878,L50A,-1.5,-2.0888953
P0A878,L176A,-2.01,-1.8944964
P0A878,L99A,-2.04,-2.411631
P0A878,I37A,-2.21,-1.6879566
P0A910,W28A,-3.6,-1.3959618
P0A910,W36A,-2.0,-0.98480237
P0A910,W78A,-2.0,-1.1092296
P0A910,W164A,-3.1,-1.3046894
P0A910,Y64A,-3.8,-1.7316182
P0A910,Y76A,-2.5,-1.4312303
P0A910,Y150A,-2.7,-1.8345337
P0A910,Y162A,-3.3,-1.411372
P0A910,Y189A,-0.2,-1.9594483
P0A910,F72A,-1.2,-1.0309343
P0A910,F144A,-2.1,-0.9926747
P0A910,F191A,-2.4,-2.1841784
P0A9D2,S11A,-1.8,0.003242091
P0A9X9,F31L,-0.66,-1.1946347
P0A9X9,F20L,-0.31,-1.0378268
P0A9X9,F18L,-1.0,-1.1243776
P0A9X9,F31S,-1.03,-3.6090498
P0A9X9,F20S,-1.16,-3.8972569
P0A9X9,F18S,-1.54,-2.446513
P0A9X9,Y42W,0.2,-0.011772634
P0A9X9,S52W,-0.2,0.5670905
P0A9X9,T68W,0.7,0.130808
P0AA04,S46D,1.5,-0.64626515
P0AA04,S46N,0.5,-0.4058795
P0AA04,S46A,-0.9,-0.19843462
P0AA04,K49E,1.9,0.0
P0AA04,S31A,-0.33,0.0
P0AA04,K49A,1.6,0.11185917
P0AA04,K49D,1.8,-0.13231583
P0AA04,K49G,1.2,-0.0073348028
P0AA04,K49M,1.0,0.67287767
P0AA04,K49N,0.4,0.0
P0AA04,K49Q,1.5,0.00101781
P0AA04,K49R,-0.2,0.3302772
P0AA04,K49S,1.2,0.024145572
P0AA04,F29W,-1.12332696,-0.69511145
P0AA04,F2W,0.167304015,-0.011501093
P0AA04,F48W,-0.119502868,-0.522004
P0AA25,P77A,-3.9,-1.065475
P0AA25,P35S,-0.1,-0.016094316
P0AA25,D27A,4.6,0.52544266
P0AA25,D27I,12.1,2.5637436
P0AA25,C33A,5.3,-2.36653
P0AA25,C36A,5.9,-2.1642556
P0AA25,T67L,7.6,1.6798131
P0AA25,T78V,7.9,0.14142448
P0AA25,L79K,-3.9,-2.8041286
P0AA25,L79R,-4.0,-1.8076262
P0AA25,L79C,2.7,-1.627121
P0AA25,T78C,2.1,-0.19342348
P0AA25,P41S,1.4,-0.50781286
P0AA25,D10R,-0.932122371,0.28458127
P0AA25,D10E,-0.167304015,0.03776109
P0AA25,I5V,-0.693116635,-0.019544646
P0ABE7,M55A,3.5,-2.0059056
P0ABE7,A58G,2.71,-1.573724
P0ABE7,L70A,4.23,-1.6138573
P0ABE7,M80A,3.61,-1.1204009
P0ABE7,F83A,5.45,-2.0544977
P0ABE7,F87A,2.5,-2.298756
P0ABE7,L90A,4.03,-2.4295006
P0ABE7,I94A,4.67,-2.4507709
P0ABE7,L98A,3.43,-0.75884855
P0ABE7,V106A,3.85,-1.3227541
P0ABE7,A109G,3.03,-2.0238497
P0ABE7,A112G,2.87,-0.8098432
P0ABE7,L116A,1.73,-2.2133608
P0ABQ4,V40A,-1.09,-2.2104034
P0ABQ4,V75H,-2.22,-1.6227987
P0ABQ4,V75I,-1.42,0.00024885373
P0ABQ4,V88I,-0.18,0.017249087
P0ABQ4,I115A,-1.0,-2.1021657
P0ABQ4,W133F,-0.0,-0.59591436
P0ABQ4,W133V,-2.87,-1.0884647
P0ABQ4,I155A,-1.98,-1.0367713
P0ABQ4,I155T,-0.72,-0.7722656
P0ABQ4,I155L,-1.56,-0.050988816
P0ABQ4,A145T,-0.27,0.18763554
P0ABQ4,I115V,1.6,-0.10166202
P0ABQ4,L112V,-1.7,-0.7173517
P0ABQ4,I91L,-1.71,-0.7798065
P0ABQ4,I91V,-1.26,-0.5411172
P0ABQ4,I61V,0.12,0.15459363
P0ABQ4,V88A,0.2,-0.20695218
P0ABQ4,D27N,1.4,-0.013780834
P0ABQ4,L28R,1.7,-0.8498531
P0ABQ4,F31V,-1.5,-1.2932265
P0ABQ4,R44L,1.5,-0.72193813
P0ABQ4,T113V,-1.2,0.00018886477
P0ABQ4,E139K,-1.0,0.0
P0ABQ4,P66A,1.3,-0.10575046
P0ABQ4,V75A,-0.2,-1.3657806
P0ABQ4,V75C,-0.2,-0.9917549
P0ABQ4,V75S,-1.9,-2.1223874
P0ABQ4,V75R,-2.8,-1.2959753
P0ABQ4,V75Y,-2.3,-0.54986453
P0ABQ4,G67S,0.07,0.5410434
P0ABQ4,G67A,0.52,0.34973913
P0ABQ4,G67C,-0.36,0.26527482
P0ABQ4,G67D,-0.14,0.10164216
P0ABQ4,G67V,-0.94,0.53811336
P0ABQ4,G67L,-0.44,0.6270715
P0ABQ4,G67T,-0.21,0.69988143
P0ABQ4,G121V,-1.22,-0.32883564
P0ABQ4,G121L,-0.38,-0.16650659
P0ABQ4,G121S,0.01,-0.72983557
P0ABQ4,G121A,0.5,-0.55572546
P0ABQ4,G121C,0.09,-0.37993464
P0ABQ4,G121D,0.19,-0.66798913
P0ABQ4,G121H,-0.11,-0.7373818
P0ABQ4,G121Y,-0.2,-0.0006355069
P0ABQ4,E139Q,-1.36,0.0
P0ABQ4,W74F,-1.2,0.19553682
P0ABQ4,G15A,0.7,0.0
P0ABQ4,P21L,-0.1,-0.0010597873
P0ABQ4,W22L,0.1,-1.9254724
P0ABQ4,L24V,-1.9,-0.29950368
P0ABQ4,F31A,-1.9,-2.551462
P0ABQ4,T35A,-1.1,-0.8009071
P0ABQ4,G43A,-0.4,-0.5904559
P0ABQ4,R44A,-1.4,-1.6016476
P0ABQ4,L54V,0.4,-1.1095195
P0ABQ4,D122A,-1.6,-0.19316977
P0ABQ4,G95A,1.3,-0.8834174
P0ABQ4,W30A,-2.33,-1.2893652
P0ABQ4,W30E,-2.89,-0.8074292
P0ABQ4,W30H,-2.78,-0.44485617
P0ABQ4,W30M,-2.03,-0.29866987
P0ABQ4,W30N,-2.52,-0.94788545
P0ABQ4,W30R,-2.49,-0.30831134
P0ABQ4,W30S,-2.74,-1.2149127
P0ABQ4,W30Y,-2.16,0.24282908
P0ABQ4,V40F,-2.15,-0.85581195
P0ABQ4,V40H,-3.27,-2.3849885
P0ABQ4,V40I,-0.85,0.029704066
P0ABQ4,V40L,-1.35,-0.20141466
P0ABQ4,V40M,-2.0,-0.67524415
P0ABQ4,V40N,-2.17,-2.8378959
P0ABQ4,V40R,-1.72,-1.8660495
P0ABQ4,V40S,-2.52,-3.000097
P0ABQ4,N59C,-0.02,-0.005899803
P0ABQ4,N59E,-2.09,-0.07911278
P0ABQ4,N59G,-2.92,-1.1254966
P0ABQ4,N59H,-1.75,-0.0066874903
P0ABQ4,N59I,-0.11,0.09308091
P0ABQ4,N59K,-2.22,-0.23374869
P0ABQ4,N59L,-0.03,0.063100494
P0ABQ4,N59M,-0.27,0.03306719
P0ABQ4,N59P,-1.34,-0.50917923
P0ABQ4,N59Q,-0.92,-0.0151862865
P0ABQ4,N59S,-1.88,-0.49066928
P0ABQ4,N59T,-0.32,0.0
P0ABQ4,N59V,0.22,0.027049623
P0ABQ4,N59W,-1.6,0.0
P0ABQ4,S148A,-0.47,-0.01665033
P0ABQ4,S148E,-0.52,0.0010855361
P0ABQ4,S148K,-0.26,0.0057259714
P0ABQ4,S148N,-0.89,0.0
P0ABQ4,S148P,-0.26,0.0
P0ABQ4,S148R,-0.75,0.15023121
P0ABQ4,S148T,-0.51,0.00052985095
P0ABQ4,S148V,-0.33,0.0
P0ABQ4,I155D,-4.1,-1.0024608
P0ABQ4,I155E,-3.26,-0.9538121
P0ABQ4,I155K,-3.35,-0.5715568
P0ABQ4,I155Q,-3.86,-0.99233526
P0ABQ4,I155R,-3.28,-0.34281206
P0ABQ4,I155S,-3.93,-1.3368163
P0ABQ4,I155V,-0.58,-0.06133578
P0ABQ4,I155W,-4.31,-0.2353432
P0ABQ4,I155Y,-3.64,-0.06004623
P0ABQ4,I2V,-0.6,-0.5634805
P0ABQ4,I61L,-0.4,-0.96873164
P0ABQ4,C85S,-1.0,-0.91365176
P0ABQ4,I94L,-0.6,-0.7427924
P0ABQ4,I94V,-0.7,-0.71170783
P0ABQ4,L112I,-0.2,0.0
P0ABQ4,C152E,-1.0,0.0
P0ABQ4,I61A,-1.6,-2.499583
P0ABQ4,I91A,-0.6,-2.9177437
P0ABQ4,L110V,-1.0,-0.60490376
P0ABQ4,L156A,-2.9,-1.2398256
P0ABQ4,L4A,-3.7,-2.0044012
P0ABQ4,L8A,-2.1,-0.90739954
P0ABQ4,V136A,-0.9,-0.94718254
P0ACJ8,S129A,-0.26,0.0
P0ACJ8,S129P,0.14,-0.0021801537
P0ACT4,R128E,0.3,-0.20674989
P0AE67,F14N,2.9,0.02213303
P0AE67,A48G,0.2,-0.33864075
P0AE67,A74G,-0.3,-0.40201908
P0AE67,A77G,-0.3,-0.39334124
P0AE67,A80G,0.6,-0.3666653
P0AE67,A88G,0.1,-0.37136543
P0AE67,A90G,0.5,-0.40687495
P0AE67,A99G,-0.5,-0.7452917
P0AE67,A101G,-1.0,-0.8471836
P0AE67,A113G,-0.8,-0.9704459
P0AE67,A114G,-0.5,-0.38865277
P0AE67,D12A,2.5,0.0
P0AE67,D13A,2.7,-0.0040344554
P0AE67,D57A,3.3,0.0
P0AE67,V10T,-2.8,-2.0289216
P0AE67,V11T,-5.3,-1.6927316
P0AE67,V21T,-8.3,-1.5669671
P0AE67,N23G,-8.5,-0.83678234
P0AE67,V33T,-7.0,-1.7522799
P0AE67,A36G,-5.4,-1.2507644
P0AE67,D38A,-6.6,0.0003161669
P0AE67,D38G,-7.5,-0.1275906
P0AE67,G39A,-7.5,0.8663782
P0AE67,V40T,-7.8,-0.012221506
P0AE67,A42G,-6.2,-1.3285227
P0AE67,V54T,-3.7,-2.4016855
P0AE67,I55V,-7.0,-0.6749301
P0AE67,D64A,-7.5,0.0
P0AE67,I72V,-7.0,-0.40077758
P0AE67,G76A,-9.0,0.25336552
P0AE67,V83T,-5.0,-2.3013608
P0AE67,A97G,-7.1,-0.6797633
P0AE67,A98G,-7.2,-1.2287278
P0AE67,A103G,-6.8,-1.3300695
P0AE67,V108T,-7.5,-0.6197167
P0AE67,T112A,-7.0,-0.36807323
P0AE67,T112G,-7.5,-0.8279803
P0AE67,I123V,-7.7,-0.11964663
P0AE67,F14A,0.8,-0.03604006
P0AE67,P61G,-0.6,-0.6104203
P0AEG4,C52S,-1.1,-2.5154862
P0AEG4,C49S,-1.8,-3.1146703
P0AEG4,H51Y,6.8,1.0624344
P0AEG4,H51L,5.3,0.11203772
P0AEG4,H51S,5.2,-0.82587206
P0CG47,I3V,-1.18,-0.18606827
P0CG47,I3A,-3.18,-1.1383222
P0CG47,V5A,-2.41,-0.8833646
P0CG47,T7A,-1.37,-0.18828085
P0CG47,T9A,0.06,-0.18184295
P0CG47,I13V,-1.16,-0.107282326
P0CG47,I13A,-3.4,-1.0496695
P0CG47,L15A,-3.85,-1.2428533
P0CG47,V17A,-1.65,-0.9324535
P0CG47,D21N,-0.85,0.008175679
P0CG47,T22A,-1.74,-0.5967183
P0CG47,I23V,-0.45,-0.016662478
P0CG47,I23A,-2.78,-1.3306508
P0CG47,I23G,-3.58,-2.2858312
P0CG47,V26A,-3.37,-0.9214182
P0CG47,K27A,-2.56,-0.111801855
P0CG47,A28G,-0.52,-0.048535075
P0CG47,I30V,-1.21,-0.3816376
P0CG47,I30A,-3.22,-1.3905822
P0CG47,Q41A,-1.46,-0.09830843
P0CG47,L43A,-4.36,-1.6540565
P0CG47,L50A,-2.73,-1.5390936
P0CG47,L56A,-4.05,-1.5293267
P0CG47,I61V,-1.12,-0.33155692
P0CG47,I61A,-3.23,-1.3388398
P0CG47,L67A,-2.57,-1.3301201
P0CG47,L69A,-3.05,-1.3388963
P0CG63,V5A,-3.0,-0.72754395
P0CG63,V5N,-5.4,-0.64949125
P0CG63,V5T,-3.7,-0.60384077
P0CG63,E34C,0.9,0.0
P0CG63,E34G,1.4,-0.23990995
P0CG63,E34H,-3.9,-0.0005038306
P0CG63,E34I,1.6,0.15048939
P0CG63,E34K,-2.1,0.0
P0CG63,E34L,1.4,0.17895985
P0CG63,E34P,-2.1,-0.00261219
P0CG63,E34Q,-1.5,-0.0004085499
P0CG63,E34S,0.1,-0.002345449
P0CG63,E34T,1.5,0.0
P0CG63,E34W,1.3,0.056605443
P0CG63,I30L,-2.0,-0.03423187
P0CG63,I36F,-0.9,-0.6275586
P0CG63,I36L,-1.3,-0.035784125
P0CG63,I36V,-0.8,-0.17013729
P0CG63,L67A,-2.8,-1.1563317
P0CG63,L67N,-3.4,-1.0818272
P0CG63,L67S,-3.3,-1.3404926
P0CG63,L67T,-2.9,-1.0907292
P0CG63,Q41L,-0.3,0.20908523
P0CG63,Q41N,-2.6,-0.0028991909
P0CG63,Q41S,-1.3,-0.030295184
P0CG63,Q41T,-0.4,0.0
P0CG63,Q41V,-0.1,0.0
P0CG63,V17A,-1.6,-0.77246034
P0CG63,V17N,-4.9,-0.8156115
P0CG63,V17T,-1.9,-0.8321509
P0CG63,E34D,-1.0,-0.10109356
P0CG63,K11A,-0.1,-0.14917259
P0CG63,I30F,-3.3,-0.75093627
P0CG63,I30V,-1.6,-0.28364223
P0CG63,E34A,0.1,-0.011555654
P0CG63,E34F,0.7,0.009437336
P0CG63,E34N,-0.9,-9.614424e-05
P0CG63,E34R,-3.5,0.070524134
P0CG63,E34V,0.9,0.0017153064
P0CG63,E34Y,0.4,0.03614588
P0CG63,K33A,0.4,-0.11205754
P0CG63,K33E,0.1,0.0
P0CG63,K33F,0.2,0.0
P0CG63,K33G,-1.5,-0.30520087
P0CG63,K33I,1.6,0.002406309
P0CG63,K33L,1.0,0.018086024
P0CG63,K33M,0.5,0.0
P0CG63,K33N,-0.6,-0.00392243
P0CG63,K33Q,0.1,-0.0047373194
P0CG63,K33S,-0.4,-0.021812435
P0CG63,K33T,-0.1,0.0
P0CG63,K33V,0.9,0.0
P11053,H43R,4.0,0.54654807
P11309,Y53H,-3.3,-1.1710404
P11309,E124Q,-2.9,0.0
P11309,E135K,-4.59,0.0
P11309,E142D,-3.22,-0.11355196
P11540,C41A,0.1,-1.6748738
P11540,C83A,-0.6,0.0
P11540,I6V,1.0,-0.7799756
P11540,L17V,1.1,-0.75469875
P11540,L35V,1.1,-1.3359876
P11540,L52V,0.6,-0.6529118
P11540,R76L,0.7,0.015025318
P11540,R76Q,-0.3,-0.33378914
P11540,K79Q,0.4,0.0
P11540,K22A,-1.4,0.3473928
P11540,K79A,-0.4,0.17643483
P11540,K22Q,-0.7,0.0008835144
P11540,K23Q,-0.5,0.0
P11540,E58K,-0.4,0.0
P11540,K61E,-0.6,0.0
P11540,K61L,1.0,0.6502131
P13479,V19L,-1.82,-0.31287932
P13479,V37L,-0.26,0.8415956
P13479,V71I,0.07,0.093120806
P13479,E41V,0.88,0.1713689
P13479,A25G,-0.14,-0.7295214
P13479,E31L,-0.67,-0.027818535
P13479,V34L,0.33,-0.48959512
P13479,V68I,-0.81,-0.0005426343
P13479,T27G,-1.2,-0.37841788
P13726,R232W,0.6,-0.018469611
P18429,S27E,-0.644884,-0.0009639757
P19267,M35W,-0.7,0.5052118
P19267,M35Y,-0.4,0.73472786
P19614,R23A,-0.9,-0.34080866
P19614,E25A,0.02,-0.23301697
P19614,R47A,-0.67,-0.8246964
P19614,D58N,-0.12,0.0
P19614,D36A,0.95,0.0
P19614,R39A,-0.63,-0.7399093
P19873,T43A,-1.0,-1.0399582
P19873,R52A,-2.0,-0.8891072
P19873,R52Q,-2.0,-0.7161682
P19873,P4G,-2.0,-0.019388858
P19873,R50A,-3.0,-1.9598496
P19873,R50K,-3.0,-1.218252
P21695,Q295N,-2.7,0.0
P21695,Q295A,-1.7,-0.028638758
P21695,Q295S,-0.6,0.0
P21695,Q295G,-0.4,-0.051868357
P21695,T56R,0.65,0.24335024
P21695,T56I,0.19,0.086949736
P21695,R269A,9.1,-0.46879274
P21695,N270A,5.6,-0.16221434
P21873,L159V,-0.6,-0.13120115
P21873,L159A,-2.0,-0.9228462
P21873,L159G,-1.9,-1.9011507
P21873,A168G,-0.3,-1.7595875
P22069,M23L,-2.51,-0.82439625
P22069,F28T,-5.31,-1.1835964
P22069,F28A,-5.0,-1.3821719
P22069,F36Y,-4.66,-1.3891387
P23370,V6A,-1.7,-1.6843717
P23370,I8A,-2.9,-2.7919428
P23370,L21A,1.2,-0.03935366
P23370,E22Q,-0.4,0.01084302
P23370,I26A,-2.8,-2.2779305
P23370,Y33A,0.6,-0.43978524
P23370,A35G,-0.2,0.33514944
P23370,V37A,-3.0,-2.0299015
P23370,I52A,-1.0,-3.0636942
P23370,F60A,0.3,-2.690257
P23370,V65A,-2.3,-1.62749
P23370,L75A,-0.7,-2.4839022
P23370,L79A,-2.7,-2.5620472
P23370,V85A,-2.9,-2.307942
P23370,V88A,-1.2,-1.3837601
P23370,L48A,-0.3,-2.8549862
P23657,D58A,2.2,-0.7066484
P23657,E55A,0.7,-0.49671382
P23657,E68A,-0.4,-0.8930826
P23657,K70A,4.0,-0.18627916
P24297,A2K,-0.6,0.0003552685
P26492,A19G,-2.676864245,-1.9395878
P26492,E109A,-2.796367113,-0.0071735187
P26492,F55A,-4.397705545,-1.9652617
P26492,I120A,-4.899617591,-1.5298195
P26492,L124A,-4.373804971,-1.2835418
P26492,L36A,-2.318355641,-1.2664049
P26492,L5A,-2.533460803,-2.1460605
P26492,L74A,-4.7801147230000005,-2.0107431
P26492,V137A,-4.756214149,-0.96070313
P26492,V33A,-2.676864245,-1.550219
P26492,V53A,-3.035372849,-2.266851
P26492,V7A,-2.1749521990000003,-1.8147264
P26492,V88A,-3.130975143,-1.5368646
P29160,D3A,-0.53,0.0
P29160,E7A,-0.76,0.21743888
P29160,R9A,-0.76,-0.33228534
P29160,K10A,-0.29,0.074134015
P29160,D13A,0.24,-0.018431753
P29160,K16A,-0.91,-0.016755082
P29160,R22A,0.07,-0.6044265
P29160,K23A,0.43,-0.01655829
P29160,K29A,-1.19,-0.15350348
P29160,K34A,0.12,0.0
P29160,R40A,-0.07,-0.0090405075
P29160,R43A,0.33,0.0
P29160,D45A,0.05,-0.09066982
P29160,K47A,-1.1,-0.0090329
P29160,E48A,-0.05,-0.22587338
P29160,D49A,0.36,-0.13937871
P29160,E51A,0.57,-0.00063917716
P29160,R55A,-0.26,-0.421213
P29160,E63A,-1.29,0.000404508
P29160,E65A,-0.26,0.0
P29160,E70A,-0.74,-0.30046856
P29160,R77A,0.19,-0.68838906
P29160,H79A,-0.5,-0.036819063
P29160,D88A,-1.36,-0.14684683
P29160,E91A,-0.41,0.04314109
P29160,R93A,-0.31,-0.35435152
P29160,K10M,-0.5,1.2720635
P29160,R93M,-0.8,-0.0007561385
P29768,A69V,0.62,0.8875358
P29768,A53L,0.81,0.8103463
P30289,Y53F,-0.6,-0.012621831
P30289,Y75F,0.5,-0.5572331
P30289,Y96F,-2.6,-0.8610397
P30289,Y97F,-2.1,-1.1935341
P30289,Y100F,-0.7,-0.5144917
P30289,Y125F,-1.5,-0.818292
P30289,Y126F,-1.0,-0.94376874
P30289,Y131F,-0.0,-0.6842694
P32081,F27A,-0.76,-3.0900683
P32081,F17A,-1.53,-2.9760587
P32081,F15A,-2.27,-2.0869858
P32081,F38A,0.15,-1.1770425
P32081,E3R,2.65,0.39300424
P32081,E3L,1.6,0.11068594
P32081,A46E,-0.6,0.12578514
P32081,E66L,2.1,1.1798055
P32081,M1R,1.74,-0.06860866
P32081,E3K,2.75,0.0
P32081,K65I,1.53,1.489378
P32081,E66K,2.17,0.001281722
P32081,E43S,0.29,-0.12850618
P32081,A46K,1.41,0.20025289
P32081,S48R,1.58,0.8418671
P32081,E3Q,1.39,0.00013089809
P32081,K5E,-3.49,0.0
P32081,K5Q,-2.2,0.0010487722
P32081,N10D,0.26,-0.066504985
P32081,N10K,-1.51,-0.10326299
P32081,E12K,-0.72,-0.001991326
P32081,K13E,-0.31,0.060080476
P32081,K13Q,-0.17,0.0003265348
P32081,E19K,-0.5,0.0
P32081,E19Q,-0.14,0.0065059466
P32081,V20Q,-1.82,-0.19543627
P32081,V20K,-1.96,-0.100127846
P32081,E21K,-0.07,0.0
P32081,E21Q,-0.24,-0.003451257
P32081,D24K,-0.6,0.0062598735
P32081,D24N,-0.79,0.0022482185
P32081,D25K,-1.46,0.0
P32081,D25Q,-0.79,-0.0014911701
P32081,K39E,-0.31,0.0
P32081,K39Q,-0.07,0.0
P32081,E42Q,-0.12,0.0
P32081,E43K,0.22,0.0
P32081,E43Q,0.02,0.0
P32081,S48K,0.72,0.0
P32081,E50K,-0.65,0.0
P32081,E50Q,-1.27,0.0
P32081,E53K,-0.29,0.0
P32081,E53Q,0.17,0.0
P32081,N55K,-0.22,0.0
P32081,N55D,0.48,-0.011594223
P32081,R56Q,0.31,-0.16405447
P32081,K65E,-1.91,-1.553417e-05
P32081,K65Q,-0.96,0.0
P32081,E42K,0.02,0.0
P32081,S48E,0.1,0.0
P32081,V20E,-3.1,-0.23558375
P32081,E43G,2.8,-0.8310411
P32081,N55S,-0.2,-0.032048363
P32081,K7E,-3.6,0.041665092
P32081,K7Q,-3.6,0.029691687
P32081,L2R,-0.4,-0.25373828
P32081,E3V,1.8,0.094712466
P32081,A46L,0.8,0.45350528
P32081,T64R,1.1,0.252336
P32081,E66V,1.7,0.8275618
P33665,W68F,-3.56,-1.1467352
P33665,W141F,-3.91,-1.6647129
P33665,W267F,-2.97,-0.98915994
P37001,F80A,-1.05,-1.6112225
P37001,A110G,-0.87,-0.89112484
P37001,Y112F,-1.37,-0.8133975
P37001,L130A,-0.76,-1.5187783
P37001,M182A,-0.77,-0.8842989
P37001,W42A,-0.98,-3.3724856
P37001,Y48A,-0.91,-1.4172351
P37001,W76A,-0.45,-3.174706
P37001,Y178A,-0.55,-1.4723923
P37001,D49N,-0.6,0.0
P37001,S83A,-1.26,-0.34590772
P37001,M97A,-0.34,-1.7042146
P37001,E115A,-0.66,-0.11281874
P37001,R119A,-1.53,-0.8202385
P37001,T133A,-0.4,-0.78673315
P37001,S155A,-1.27,0.0
P37001,T162A,-0.51,-0.15717861
P37001,Q164A,-0.97,-0.33946306
P37001,Q185A,0.18,-0.39009976
P37001,T137A,-0.508742,-0.8909365
P37957,A46S,0.18,0.0954497
P37957,F48T,0.52,-0.0013797682
P37957,R64P,0.04,-0.27881855
P37957,T78S,0.96,0.0
P37957,T140V,0.34,0.046661716
P37957,G111S,0.11,-0.30410692
P37957,L145P,0.23,-0.8048951
P37957,A163D,-0.41,0.0017537663
P37957,M165R,0.25,0.0
P37957,M165E,0.64,-0.014228871
P37957,M168P,1.16,0.0
P37957,M165D,0.16,-0.22924426
P37957,G186S,1.05,-0.015542213
P37957,I188M,0.55,0.0
P37957,Y192N,-0.09,-0.21952994
P37957,N205T,0.36,0.006618833
P37957,S194P,-0.25,0.61844945
P40040,S6A,0.1,-0.05238852
P40040,S6G,-0.2,-0.6719908
P40040,V10A,-0.1,-0.46120423
P40040,V10G,-0.7,-1.5216786
P40040,L16A,-1.3,-2.9159164
P40040,D38A,0.1,-0.025856558
P40040,E40Q,-0.1,0.0
P41016,Q2L,0.55,0.6907775
P41016,R3E,-2.75,-0.40510178
P41016,R3L,-0.93,-0.0022778683
P41016,R3K,-0.19,-0.31229877
P41016,R3A,-1.89,-0.67947114
P41016,N11S,0.33,-0.003501683
P41016,Y15F,-0.05,0.0027654662
P41016,E21A,-0.29,-0.19326667
P41016,G23Q,-0.29,-0.46919596
P41016,S24D,0.22,0.0
P41016,T31S,0.17,0.0
P41016,E46A,-0.22,-0.10533721
P41016,Q53E,-0.1,0.0
P41016,V64T,-0.26,-0.48952097
P41016,L66E,-1.24,-1.4040649
P41016,F38W,0.7,-5.1035633e-05
P41016,E50W,0.3,0.21123075
P41016,R56E,0.76,-0.013761893
P41016,H29E,-0.76,-1.2546048
P41016,E46K,-0.65,0.0
P41016,E21K,-0.26,0.0
P41016,N55K,0.1,0.0
P41016,E36K,-0.19,0.0
P41016,E50K,-0.5,0.0
P41016,E12K,-0.43,-0.0014352299
P41016,L66A,-0.0,-1.3704772
P42013,F29W,-0.86,-0.7109668
P42771,W15D,0.17,-0.49306077
P42771,L37S,0.71,0.0
P42771,L121R,0.66,0.0
P42773,F37H,-0.7,-0.21094868
P42773,R55V,-0.1,0.31794274
P42773,F71N,0.5,-0.22816077
P42773,F82Q,-0.4,-0.088099375
P42773,F92N,-0.7,-0.25598156
P43332,Y10F,1.4,0.0
P43332,F53Y,0.5,-0.23377806
P56552,A19D,-0.24,-0.22441515
P56552,A19K,-0.46,0.11517435
P56552,A19G,0.06,-0.9781407
P60848,K40N,-3.1,0.04920708
P60848,V53E,-4.8,-1.7408229
P60848,E36A,-3.608986616,-0.25980034
P60848,E36Q,-2.724665392,-0.00032410663
P60848,E54A,-2.270554493,-0.11078645
P60848,E54Q,-2.24665392,0.0
P60848,K68A,-1.027724665,-0.0053752656
P60848,K68L,1.673040153,0.00014189514
P60848,R57A,-1.362332696,-1.0024981
P60848,R57L,1.290630975,0.0054400368
P60848,K97A,-1.696940727,-0.1625936
P60848,K97E,-2.485659656,0.00402557
P60848,R95Q,0.119502868,-0.2637946
P60849,P18A,-1.935946463,-0.73555905
P60849,P62A,-2.58126195,-0.00067948207
P61024,I6V,-0.56,-1.1873304
P61024,Y8A,-0.34,-2.9956102
P61024,S9A,-0.34,-0.5384156
P61024,K11A,0.51,-0.6487193
P61024,F17L,-2.79,-0.8922973
P61024,E18A,-1.25,-0.86734074
P61024,V22A,-1.53,-2.7217436
P61024,V32A,-1.13,-1.9081385
P61024,S39A,-0.83,0.0
P61024,L46A,-2.07,-2.4213543
P61024,V55A,-1.06,-1.5482352
P61024,V55G,-2.1,-2.8896964
P61024,M58L,-0.52,-0.5729797
P61024,P62A,1.4,-1.3195788
P61024,P64A,-0.42,-1.1014767
P61024,H65A,-0.6,-1.249532
P61024,L67A,-2.03,-3.58526
P61024,R70A,-2.8,-1.8338028
P61024,R71A,-0.68,-1.7446642
P61024,F69L,-2.49,-1.1076477
P61024,L24A,-3.28,-3.020328
P61626,C95A,-4.6,-2.0810075
P61626,P89G,-1.2,-0.3911947
P61626,A65P,1.1,0.52213717
P61626,D109P,-0.8,-7.2217255e-05
P61626,V128P,2.4,-0.40451062
P61626,R68G,0.53,0.09989719
P61626,Q76G,2.06,-1.9883502
P61626,H96G,-0.53,-0.029196192
P61626,G55Q,-0.86,0.0
P61626,I74T,-6.67,-3.2375615
P61626,D85H,-4.54,0.0922374
P61626,R39A,1.31,-0.4470347
P61626,R39G,1.15,-0.84627193
P61626,Y56A,-2.49,-1.703083
P61626,Y56G,-2.32,-2.4650064
P61626,R68A,0.43,-0.38742083
P61626,Q76A,0.91,-0.8245913
P61626,H96A,-0.14,-0.05945962
P61626,N136A,0.19,-0.29645127
P61626,N136G,0.05,0.0010754128
P61626,G34A,-1.39,-0.11403242
P61626,G37A,-1.77,-0.20550868
P61626,G40A,-1.79,-0.4404133
P61626,G55A,-0.29,-0.13614872
P61626,G66A,0.45,0.0012524223
P61626,G86A,-0.12,-0.01673099
P61626,G90A,-0.36,-0.002994621
P61626,G123A,-0.62,-0.68390864
P61626,G145A,-0.55,-0.11008129
P61626,G147A,0.14,-0.017553812
P61626,I41V,-0.36,-0.08528781
P61626,I74V,-1.2,-1.0260334
P61626,I77V,-1.1,-1.2160871
P61626,I107V,-0.48,-0.7610192
P61626,I124V,-0.72,-0.19552022
P61626,V20A,-1.51,-0.88867337
P61626,V92A,-0.36,-0.015765427
P61626,V111A,-0.74,-1.1954345
P61626,V117A,-0.98,-1.4133303
P61626,V118A,-0.26,-1.0416014
P61626,V128A,0.53,-0.3501471
P61626,V139A,-1.44,-0.65649813
P61626,V143A,-1.32,-0.8075465
P61626,V148A,-0.84,-0.2388437
P61626,P121G,-0.1,-0.15254346
P61626,Y38F,-0.5,0.0
P61626,Y56F,-0.19,0.06749589
P61626,Y63F,0.07,-0.25629428
P61626,Y72F,-0.96,-0.3015902
P61626,Y81F,-0.24,-0.7307561
P61626,Y142F,-0.36,-0.1792858
P61626,I41A,-2.54,-1.1425285
P61626,I74A,-3.71,-3.0784621
P61626,I77A,-1.72,-2.9952326
P61626,I107A,-2.7,-1.807971
P61626,I124A,-0.93,-1.3398833
P61626,I77G,-3.83,-4.339649
P61626,A50L,-0.1,0.4256515
P61626,E53L,-0.53,-0.18440706
P61626,V92S,-0.38,0.0
P61626,A114M,0.02,0.0
P61626,V118F,-1.65,0.0
P61626,I74L,-0.1,0.012341686
P61626,I74M,-1.77,-1.0528721
P61626,I74F,-4.09,-1.0217464
P61626,I77M,-1.29,-1.4824622
P61626,I77F,-0.81,-1.6374733
P61626,I77S,-3.59,-3.6149864
P61626,I77T,-2.22,-2.935911
P61626,I77Y,-3.78,-1.9367604
P61626,K19M,-0.12,0.0
P61626,K19A,-0.6,-0.17278299
P61626,V20G,-2.29,-1.2337043
P61626,V20I,1.1,0.019730449
P61626,V20L,-0.05,-0.005698152
P61626,V20M,-0.31,-0.20188074
P61626,V20F,-0.86,-0.35674012
P61626,V92G,-0.22,-0.0018595047
P61626,V92I,0.45,0.0022376738
P61626,V92L,0.19,0.0007887158
P61626,V92M,0.65,0.0001702948
P61626,V92F,-0.29,0.0
P61626,V128G,0.48,-0.84226334
P61626,V128I,0.86,0.0
P61626,V128L,0.07,0.0
P61626,V128M,0.53,-0.00065609714
P61626,V128F,-0.05,0.0
P61626,E25Q,0.1,-2.213256e-05
P61626,D36N,-0.53,0.0017447588
P61626,D85N,-0.24,0.07399807
P61626,D120N,0.17,2.3954257e-05
P61626,D138N,0.1,0.00542919
P61626,D67N,-1.0,0.020020934
P61626,L26T,-3.73,-2.0117073
P61626,A27S,-0.02,-0.7461728
P61626,A50S,-0.33,-0.93022954
P61626,A110S,0.81,0.019049114
P61626,V111T,-0.67,-1.4400022
P61626,A114S,-1.0,-0.81706285
P61626,V117T,-0.5,-1.3572989
P61626,V118T,-0.29,-1.0791394
P61626,V20S,-1.41,-0.77417195
P61626,V20Y,-0.36,-0.13600238
P61626,V20D,-1.43,-0.7702533
P61626,V20N,-1.34,-0.9292822
P61626,V20R,-0.38,-0.29299885
P61626,V92Y,-0.24,0.12003744
P61626,V92D,-0.43,-0.044262417
P61626,V92N,-0.33,0.0
P61626,V92R,-0.07,0.0025631245
P61626,V128Y,-0.14,0.013839675
P61626,V128D,0.17,-0.525424
P61626,V128N,0.07,-0.36197913
P61626,V128R,0.88,-0.058595415
P61626,I77L,-0.0,-1.1350503
P61626,T29A,0.4,-0.08736363
P61626,T29V,0.3,0.20152873
P61626,S42A,-0.5,-0.038672805
P61626,S54A,-1.1,-0.5899358
P61626,T58A,-1.5,-0.6905849
P61626,T58V,-1.3,-0.05840298
P61626,T61A,-0.4,-0.00852322
P61626,T61V,1.0,1.4402927
P61626,S69A,-0.2,-0.48952425
P61626,T70A,-0.9,-0.65754807
P61626,S79A,-1.4,-0.45744705
P61626,T70V,-0.7,-0.005113647
P61626,S98A,0.5,-0.030253194
P61626,G37Q,-0.4,-0.042722747
P61626,D67H,-3.7,-0.010454079
P61626,Y38A,-2.8,-1.2947687
P61626,Y38G,-2.5,-1.7181926
P61626,S100A,1.0,-0.17991939
P61823,D147N,-0.76,0.0
P61823,D147A,-0.72,-0.16868365
P61823,H145A,1.1,-1.0434254
P61823,P119A,-2.7,-0.9618518
P61823,P119S,-2.1,-1.1283042
P61823,P140A,-3.2,-0.5822378
P61823,P140G,-2.8,-0.9254031
P61823,Y123F,-3.54,-1.0239383
P61823,Y123A,-12.0,-3.1799245
P61823,Y123G,-11.7,-4.2858014
P61823,P119G,-2.2,-1.4424629
P61823,F72L,-3.2,-1.457201
P61823,F72V,-4.54,-1.717768
P61823,F72A,-6.36,-3.6295805
P61823,A30S,-0.22,0.03264403
P61823,A31S,0.08,-0.3096286
P61823,S149A,1.14,-0.006286354
P61823,V73A,-3.8,-2.0494452
P61823,V73G,-7.34,-3.7844348
P61823,V80A,-2.58,-2.3172612
P61823,V80G,-4.87,-4.203584
P61823,V83A,-2.85,-1.8252251
P61823,V83G,-5.52,-3.376216
P61823,V89A,-2.02,-1.2000941
P61823,V89G,-3.5,-2.1484013
P61823,A90G,-0.43,-0.6331023
P61823,I107V,-0.43,-0.14312914
P61823,I107A,-2.99,-2.5735946
P61823,I107G,-4.8,-4.49397
P61823,I132V,-0.8,-0.79823005
P61823,I132A,-4.37,-3.0931568
P61823,I133V,-0.08,-0.30860695
P61823,I133A,-2.84,-2.4249043
P61823,V134A,-4.2,-2.4301343
P61823,V134G,-7.28,-4.437271
P61823,A135G,-0.43,-1.1606176
P61823,V142A,-0.66,-1.2850326
P61823,V142G,-1.18,-2.4439502
P61823,V144A,-1.92,-2.096682
P61823,V144G,-2.77,-4.0181303
P61823,I132L,-1.79,-0.93921804
P61823,I133L,-2.19,-0.8545386
P61823,V80L,-1.09,-0.7803417
P61823,V80I,-1.95,0.0054424424
P61823,V83L,-2.37,-0.62441504
P61823,V83I,-1.3,0.1156355
P61823,V134L,-0.7,-0.70442766
P61823,V134I,-0.43,0.097978756
P61823,S101A,-2.5,-0.4925996
P61823,S101T,-2.8,-0.5248681
P61823,I107L,-2.2,-0.2774556
P61823,N93D,0.6,-0.39613238
P61964,S62A,-9.0,0.25913644
P61964,S146A,-8.5,0.4397401
P61964,S188A,-8.7,0.46124673
P61964,D192E,-8.0,0.0
P61964,W330F,-4.5,-0.59317064
P61964,W330Y,-4.6,-0.10901959
P61964,D324E,-4.14,0.0048555844
P62166,W103F,0.65,0.001478214
P62166,R102Q,0.58,-0.42373997
P62166,W30F,-0.48,0.0129176285
P62593,C75S,-2.48,-1.0646939
P62593,E102K,0.6,0.0
P62593,G236S,-1.2,0.14936972
P62593,R162H,-0.2,-0.2702452
P62593,R162S,-0.6,-0.5218171
P62593,S233A,0.6,-0.1383207
P62593,G234S,0.58,-0.8202567
P62593,M180T,3.5,0.2043203
P62593,A40S,3.5,0.0
P62942,V3A,-2.43,-1.0416489
P62942,V5A,-2.78,-0.99955297
P62942,V24A,-2.97,-1.3107202
P62942,V25A,-3.19,-2.094656
P62942,F37A,-3.54,-1.7536166
P62942,L51A,-2.57,-1.9378183
P62942,V56A,-2.13,-1.3359154
P62942,I57A,-2.48,-2.1043053
P62942,I57D,-3.16,-3.2076588
P62942,I57T,-1.81,-2.216614
P62942,V64A,-2.97,-1.8429673
P62942,I77V,-0.76,-0.2794279
P62942,I77A,-3.81,-2.3642395
P62942,I92A,-1.54,-1.61113
P62942,I92V,-0.38,-0.28939968
P62942,L98A,-3.56,-2.0009406
P62942,V99A,-2.16,-1.5478423
P62942,V102A,-2.75,-2.0800366
P62942,L107A,-2.32,-1.4341199
P62942,R58A,-0.81,-0.22631739
P62942,R58G,-2.29,-0.7809063
P62942,E61A,-2.13,-0.059292108
P62942,E61G,-2.84,-0.6784519
P62942,E62A,-0.84,-0.0943954
P62942,E62G,-2.49,-1.0440204
P62942,I8V,-0.92,-0.20956117
P62942,T22S,-1.44,-0.59534454
P62942,T22V,0.86,0.59586895
P62942,T22A,-1.6,-0.4724512
P62942,T28S,-1.49,-0.36622393
P62942,T28V,0.23,0.25285423
P62942,T28A,-1.97,-0.5983106
P62942,T76V,-0.81,0.88393164
P62942,T76A,-2.65,-0.43690383
P62942,W60F,-2.72,0.0
P62942,W60L,-2.35,0.07783402
P62942,I91A,-1.5,-0.7893045
P62942,I91V,-0.4,-0.03832286
P62942,T7A,-2.3,-0.2686407
P63159,S121H,-1.5,-0.0043593114
P63159,G123H,0.47,0.16539848
P63159,I122H,-1.23,-1.0178252
P63159,N135H,0.3,0.0
P68005,S13A,-0.974173508,0.0006090625
P68005,P14A,-0.3664229679999999,-0.6871011
P68005,Y21A,-0.315006135,-2.2697392
P68005,Y27A,-0.988291807,-3.35564
P69441,D84H,-1.4,0.0
P69441,G85V,-2.4,-0.16723964
P69441,F86L,-0.8,-0.71771663
P69441,R88G,-0.2,-1.8235855
P69797,W12F,1.8,-0.023312235
P69797,W33F,-1.1,0.0
P69797,W69F,-2.1,0.022212714
P80386,T134V,-0.93,0.4281099
P81662,E2A,0.23,-0.00011044199
P81662,D9A,-1.26,0.02900277
P81708,V109K,-0.43,-0.21544543
P81708,H21G,-0.48,-0.833195
P81708,I56L,-0.24,0.0041116583
P81708,A93S,-0.26,0.0
P83876,G126D,-1.71,-0.07448076
P84131,R244E,4.2,-0.666782
P9WGE7,G152A,-4.3,-0.054836713
Q03026,D35A,-0.7,0.26733834
Q03026,W40F,-2.3,-2.3638747
Q03026,A33P,-0.2,0.0019564538
Q03026,D35P,-0.5,0.01938844
Q03689,G278A,-0.4,-0.093790874
Q03689,V267A,0.0,-0.12621893
Q03689,V239A,1.0,-0.10031319
Q03689,L241A,1.0,-0.421884
Q03689,V264A,1.1,-0.08418313
Q03689,D288A,1.2,0.0
Q03689,S273A,1.4,-0.00074805284
Q03689,K229A,1.5,-0.081764765
Q03689,E272A,1.9,-0.03353414
Q03708,A13N,-0.334608031,0.019767337
Q03708,I22V,-0.884321224,-1.0231292
Q03708,I44V,0.693116635,-0.20044604
Q03708,I68V,0.239005736,-0.49837828
Q03708,L34A,-0.621414914,-1.047421
Q03708,L38A,-1.649139579,-2.5143173
Q03708,L3A,0.286806883,-1.3156025
Q03708,L53A,-1.792543021,-3.2871387
Q03708,V16A,-0.215105163,-1.9018712
Q03708,V42A,0.52581262,-0.84562004
Q03708,V69A,0.334608031,-2.2534204
Q08012,T22G,3.6,0.7726853
Q08012,T22A,0.4,-0.18104482
Q08012,T22D,1.5,-0.0015421573
Q08012,T22F,1.3,-0.00050682796
Q08012,T22K,-0.0,0.0
Q08012,T22L,0.5,0.0
Q08012,T22N,1.3,0.0006998799
Q08012,T22S,0.6,0.0
Q13526,K6A,0.15,-0.0941146
Q13526,L7A,-1.72,-0.38667065
Q13526,L7I,-0.85,-0.0010178367
Q13526,L7V,-1.26,-0.15465394
Q13526,L7N,-0.9,-0.11895603
Q13526,P8A,-0.97,-0.016474804
Q13526,P8G,-0.92,-0.0007565641
Q13526,P9A,-0.19,-0.008255406
Q13526,P9G,-0.49,0.0
Q13526,G10A,-0.85,-0.01526125
Q13526,W11F,-1.93,-0.0008609649
Q13526,E12A,-0.48,-0.022190034
Q13526,K13A,-0.02,-0.058096524
Q13526,R14A,-1.63,-0.14080992
Q13526,M15A,-0.59,-0.17882553
Q13526,S16A,-0.44,-0.008064099
Q13526,S16G,-0.92,-0.009235758
Q13526,R17A,-0.0,-0.20056029
Q13526,R17G,-0.22,-0.24594554
Q13526,S18A,0.03,-0.009721818
Q13526,S18G,0.02,-0.0014078468
Q13526,S19A,-0.14,-0.01442134
Q13526,S19G,0.01,-0.00062943256
Q13526,G20A,-0.86,0.0002853021
Q13526,R21A,-0.65,-0.24859053
Q13526,R21G,-0.67,-0.321548
Q13526,V22A,-0.26,-0.026558999
Q13526,Y23A,-1.08,-0.6097089
Q13526,Y23L,-1.18,-0.025541045
Q13526,Y23F,-0.52,-0.080336
Q13526,Y24F,-0.66,-0.102644
Q13526,Y24W,-0.56,-0.102263644
Q13526,F25A,-2.14,-0.14569746
Q13526,F25L,-1.37,0.0001566475
Q13526,F25Y,0.22,0.02561234
Q13526,N26D,-1.88,-0.016112564
Q13526,H27A,-0.12,-0.00056549854
Q13526,H27G,-0.68,-0.0006716893
Q13526,I28A,-0.36,-0.22569166
Q13526,I28G,-0.48,-0.28125945
Q13526,T29A,-1.25,-0.052319244
Q13526,T29G,-1.99,-0.044619042
Q13526,T29S,-0.65,0.0
Q13526,T29D,-1.33,-0.06262107
Q13526,N30A,-0.47,-0.018221425
Q13526,N30G,0.53,0.001437088
Q13526,A31G,-1.49,0.004764473
Q13526,S32A,-0.26,-0.0033829962
Q13526,S32G,-0.81,0.0
Q13526,Q33A,-0.57,0.0
Q13526,W34A,-0.4,-0.27092654
Q13526,W34F,-0.1,0.0
Q13526,E35A,-0.73,-0.02097436
Q13526,R36A,-0.29,-0.16625047
Q13526,S38A,0.05,-0.00085593684
Q13526,S38G,-0.08,-0.00011743989
Q13526,E12Q,-0.54,-0.012651339
Q13526,R14F,-1.1,0.0
Q13526,S16T,-0.465,0.0
Q13526,W11L,1.0,0.008227352
Q13526,W34L,-1.19,0.0097135035
Q13526,W73L,-0.478,0.035891972
Q13526,K6M,0.0846177,0.0
Q13526,K13V,0.219836,0.0
Q13526,K13Y,-0.667734,0.0
Q13526,R14L,-0.916212,0.0
Q13526,R21H,-0.7392340000000001,-0.21593627
Q13526,S38T,-0.128027,0.0
Q16595,W155R,-0.693116635,-3.6471102
Q16595,I154F,0.095602294,-1.6487467
Q16595,D122Y,-1.3,0.024955757
Q16595,G130V,-2.5,-0.3268997
Q16595,D104G,0.6,-0.638082
Q16595,A107V,-0.5,0.9321635
Q16595,F109L,-3.0,0.0
Q16595,Y123S,-3.9,-1.8727205
Q16595,S161I,-2.6,-0.004772788
Q16595,S181F,-2.6,0.0
Q16595,S202F,-0.1,0.07582708
Q16595,L198C,-1.0,-1.1806769
Q16595,L200C,-2.0,-1.4077581
Q16595,L203C,1.0,-0.05443269
Q5NV88,F2S,-1.9,-0.35654718
Q5NV88,F2A,-1.9,-0.3531292
Q5NV88,F2L,-1.2,0.13858265
Q5NV88,F2P,-2.5,-0.30825883
Q5NV88,F2W,-1.3,0.0
Q5SIY4,V126M,-2.25,-0.6686456
Q5SIY4,V15I,-0.78,0.0
Q5SIY4,I11V,-0.05,-1.0187923
Q5SIY4,S92F,0.39,0.39568472
Q7KIF2,E64Q,-2.3016252390000003,0.0
Q7KIF2,E64D,-1.161567878,-0.016628873
Q7KIF2,E64N,-2.304015296,-0.011194841
Q8TZE8,W301F,0.95124283,-0.019020882
Q8TZE8,W60F,-0.910611855,-0.97424436
Q97ZL0,V84D,-4.493307839,-2.320979
Q97ZL0,V84P,-4.5172084130000005,-2.1451623
Q97ZL0,Y86E,-2.103250478,-1.1634252
Q9EYL5,E114Q,1.368588,0.0
Q9EYL5,T171V,-1.136907,0.6149769
Q9GZQ8,K49A,0.1,-0.5513289
Q9GZQ8,R11A,-0.44,-0.45453793
Q9GZQ8,K51A,0.1,-0.1450249
Q9NAV8,H56V,5.1,-0.16169968
Q9RA57,I8V,-1.52,-0.91473436
Q9RA57,V12A,-1.94,-1.4970269
Q9RA57,L13A,-1.52,-1.6165549
Q9RA57,Y18A,0.06,-0.7409809
Q9RA57,F21A,-1.39,-0.38426006
Q9RA57,Y26A,-4.61,-2.7303789
Q9RA57,V30A,-2.84,-2.4937673
Q9RA57,I39A,-1.39,-3.0325913
Q9RA57,V43A,-2.82,-2.2274528
Q9RA57,V49A,-2.83,-2.5459328
Q9RA57,V51A,-3.24,-2.4426048
Q9RA57,V54A,-3.73,-2.4505358
Q9RA57,L57A,-1.11,-1.6669416
Q9RA57,I80A,-2.79,-2.9640303
Q9RA57,V81A,-2.82,-2.7389023
Q9RA57,V83A,-3.1,-1.5241921
Q9RA57,I89A,-2.35,-2.878452
