uniprot_id,chain_x,mut_code,experimental_ddg,predicted_ddg
O66523,A,I20V,-1.505736138,-0.8
E0WVU4,A,R39K,0.413479924,-1.0
E0WVU4,A,S128G,-0.377629063,-0.7
E0WVU4,A,V183T,0.353728489,-0.9
O34627,A,H22K,0.3,-0.2
O34627,A,H22W,1.2,0.1
O34627,A,V25I,0.4,0.1
O34627,A,T30M,0.5,1.0
O34627,A,A33Y,0.5,0.2
O34627,A,T50M,-0.5,1.1
O34627,A,T54Y,0.2,0.7
O34627,A,A81M,-0.4,0.8
O34627,A,V88L,-0.2,0.1
O34627,A,V90I,-0.7,0.2
O34627,A,N107F,0.9,1.1
O34627,A,N107Y,0.8,1.2
O34627,A,D109E,0.3,0.2
O34627,A,M111F,2.9,0.2
O34627,A,V120I,1.4,0.2
O34627,A,N124F,1.1,1.1
O34627,A,N124Y,2.6,1.2
O73951,A,E53A,-6.596558317,-0.5
O73951,A,D287A,-5.975143403,-0.1
O54310,A,L40A,-3.874282983,-3.0
O54310,A,V62A,-2.908699809,-2.9
O60828,A,R153S,-7.635907,-0.2
O60880,A,L31P,-1.71,-3.7
O60880,A,Y54C,-1.42,-2.1
O60880,A,R55L,-1.63,0.5
O60880,A,E67D,-1.31,-0.1
O60880,A,F87S,-1.14,-3.3
O60880,A,G93D,-0.63,-0.3
O74035,A,I6A,-2.92,-3.0
O74035,A,D7N,1.67,-0.3
O74035,A,E8A,2.65,-0.2
O74035,A,E8Q,0.6,0.5
O74035,A,I15A,-2.13,-1.1
O74035,A,I20A,-4.42,-1.9
O74035,A,L33A,-4.54,-2.3
O74035,A,I56A,-3.97,-3.7
O74035,A,L92A,-2.87,-2.8
O74035,A,I102A,-4.04,-2.8
O74035,A,D105A,1.58,-0.5
O74035,A,L118A,-5.26,-2.2
O74035,A,D135A,2.56,-1.8
O74035,A,L147A,-2.61,-3.2
P00149,A,A66H,-1.98,-0.4
P00149,A,A104H,-2.69,0.1
P00044,A,G7A,-1.3,0.4
P00044,A,K11Q,-2.38846,0.3
P00044,A,G12A,-3.5,-0.6
P00044,A,A13L,0.3,0.6
P00044,A,A13Y,0.3,0.9
P00044,A,F16I,-0.9,-1.6
P00044,A,F16M,-3.3,-2.3
P00044,A,F16W,-1.3,-1.2
P00044,A,F16Y,-0.7,-0.6
P00044,A,V26C,-1.1,-1.4
P00044,A,G29S,-1.5,0.1
P00044,A,H32Y,-1.82,0.5
P00044,A,H39P,-0.8,-0.7
P00044,A,H39Y,-0.6,0.8
P00044,A,N58A,2.97,0.1
P00044,A,N58F,-0.06,0.8
P00044,A,N58G,0.9,-0.3
P00044,A,N58H,-1.7,0.3
P00044,A,N58I,-1.2,0.7
P00044,A,N58L,4.73,0.8
P00044,A,N58M,4.04,0.7
P00044,A,N58Q,-0.84,0.2
P00044,A,N58S,-0.37,-0.0
P00044,A,N58T,1.9,0.2
P00044,A,N58V,2.02,0.6
P00044,A,T75E,1.3,-0.5
P00044,A,P77I,-1.7,0.1
P00044,A,P77T,-1.7,-0.6
P00044,A,P77V,-1.0,-0.1
P00044,A,K79A,-0.45,0.2
P00044,A,K79G,-0.74,-0.1
P00044,A,K79H,-1.98,0.2
P00044,A,K79I,-0.4,0.3
P00044,A,K79L,-0.03,0.2
P00044,A,K79R,-0.03,0.2
P00044,A,K79V,0.1,0.3
P00044,A,K79W,-1.6,0.4
P00044,A,F88Y,-0.7,-0.1
P00044,A,L91A,-2.8,-1.7
P00044,A,L100A,-3.8,-3.3
P00044,A,L100I,-0.0,0.0
P00044,A,L100T,-3.3,-3.1
P00044,A,L100V,-0.7,-0.6
P00044,A,T102A,0.8,0.9
P00044,A,Y103F,0.1,-0.2
P00044,A,C108A,2.9,0.2
P00044,A,C108S,2.8,-0.2
P00044,A,C108T,2.3,0.2
P00099,A,F29A,1.1,-3.0
P00099,A,V35M,0.4,-0.3
P00099,A,F56Y,1.9,0.4
P00099,A,Q59R,0.5,0.1
P00099,A,E65Y,0.6,1.4
P00099,A,W78F,-1.9,-0.2
P00099,A,E92Q,-0.9,0.5
P00099,A,E92V,-2.0,0.3
P00099,A,W99F,-1.2,0.2
P00099,A,V100I,0.06,0.6
P00094,A,K33D,-1.3,-0.1
P00094,A,K35E,-1.3,0.2
P00094,A,K53E,0.2,-0.0
P00094,A,G55S,-2.2,-0.8
P00094,A,P56A,-2.0,-1.7
P00094,A,Y96C,-3.05,-2.5
P00094,A,Y96F,0.71,0.0
P00257,A,D73E,0.5,-0.0
P00257,A,T112A,-1.31,-0.5
P00257,A,T112S,0.05,-0.4
P00257,A,H114Q,-1.66,-0.6
P00257,A,H114R,-1.16,-0.2
P00257,A,H114T,-1.19,-0.9
P00257,A,D134E,0.45,0.1
P00257,A,Y140F,-0.01,-0.1
P00257,A,Y140L,-0.36,-0.2
P00257,A,Y140S,-0.33,-0.5
P00257,A,Y140W,-0.21,-0.0
P00257,A,C153S,0.96,-0.3
P00045,A,N62I,2.4,0.9
P00045,A,P81T,-0.8,-0.7
P00045,A,P86G,-1.2,-0.6
P00004,A,H27V,-3.8,0.0
P00004,A,P31A,-5.4,-1.4
P00004,A,P31V,-5.0,-0.8
P00004,A,H34F,0.7,0.8
P00004,A,H34N,1.5,-0.5
P00004,A,T50V,-0.22,0.1
P00004,A,N53I,-3.1,0.8
P00004,A,Y68F,-2.0,0.0
P00004,A,M81A,-0.76,-1.9
P00004,A,L95A,-3.5,-3.3
P00004,A,L95I,0.2,-0.0
P00004,A,L95V,-0.8,-0.6
P00025,A,K73F,-1.15,0.4
P00025,A,K73M,-1.0,0.4
P00025,A,K73W,-1.43,0.6
P00025,A,K73Y,-1.05,0.7
P00025,A,K74F,-1.15,0.3
P00025,A,K74M,-1.0,0.3
P00025,A,K74W,-1.43,0.4
P00025,A,K74Y,-1.05,0.4
P00171,A,S23C,-0.35,-0.2
P00171,A,F40H,-2.82,-2.7
P00171,A,F40L,-1.87,-1.7
P00171,A,F40Y,1.03,-0.5
P00171,A,V50E,-2.68,-1.5
P00171,A,V50G,-1.9,-1.8
P00171,A,V50H,-1.34,-1.1
P00171,A,V50T,-1.0,-0.9
P00171,A,V50Y,-1.53,-0.2
P00171,A,V66E,-1.05,-0.5
P00171,A,V66H,-1.6,-0.2
P00171,A,V66K,-2.39,-0.6
P00171,A,V66Y,-1.34,0.2
P00171,A,S76L,0.8,2.8
P00173,A,D65R,0.1,0.4
P00268,A,V24I,0.36,0.5
P00268,A,I33L,0.76,0.5
P00651,A,D29A,-0.621414914,0.4
P00651,A,N35A,-0.9,-0.2
P00651,A,Y37F,-2.11,-0.5
P00651,A,S38A,-1.23,-0.1
P00651,A,V42A,-2.49,-2.7
P00651,A,V42C,-5.3,-2.1
P00651,A,V42S,-4.66,-3.4
P00651,A,V42T,-3.2,-2.2
P00651,A,S43A,0.67,0.1
P00651,A,A47C,-0.74,-0.0
P00651,A,A47D,0.33,-0.3
P00651,A,A47E,0.05,-0.3
P00651,A,A47F,-0.57,0.4
P00651,A,A47G,-0.9,-0.7
P00651,A,A47H,-0.56,0.2
P00651,A,A47I,-0.44,0.5
P00651,A,A47K,-0.51,-0.3
P00651,A,A47L,-0.13,0.4
P00651,A,A47M,-0.15,0.4
P00651,A,A47N,0.34,-0.1
P00651,A,A47Q,-0.26,0.1
P00651,A,A47R,-0.41,0.1
P00651,A,A47S,-0.49,-0.1
P00651,A,A47T,-0.57,0.1
P00651,A,A47V,-0.66,0.4
P00651,A,A47W,-0.3,0.5
P00651,A,A47Y,-0.39,0.6
P00651,A,G49A,-1.2,1.0
P00651,A,Y50W,1.24,-0.2
P00651,A,Q51K,0.94,-0.3
P00651,A,N62A,0.03,-0.2
P00651,A,P65A,-4.95,-2.0
P00651,A,H66T,-0.26,-1.7
P00651,A,Y68F,1.14,-0.5
P00651,A,Y68W,-0.14,-1.1
P00651,A,N70A,-2.08,-1.1
P00651,A,N70D,-2.0,-0.5
P00651,A,N70S,-1.9,-0.8
P00651,A,Y71W,0.74,-0.2
P00651,A,D75A,-0.5,0.0
P00651,A,D75F,0.1,0.2
P00651,A,D75H,1.1,0.1
P00651,A,D75W,-0.9,0.2
P00651,A,D75Y,-0.0,0.2
P00651,A,V78A,-4.08,-1.3
P00651,A,V78C,-3.67,0.1
P00651,A,V78S,-4.9,-1.5
P00651,A,V78T,-3.6,-1.0
P00651,A,Y82F,-0.78,-0.5
P00651,A,Y83F,-0.5,-0.3
P00651,A,E84A,-0.77,-0.1
P00651,A,W85Y,-0.93,0.6
P00651,A,S90A,-1.44,-0.2
P00651,A,Y94F,-1.36,-0.8
P00651,A,P99V,1.53,-1.0
P00651,A,D102A,-3.7,-0.5
P00651,A,D102N,-3.1,-0.1
P00651,A,D102S,-3.3,-0.5
P00651,A,V104A,-4.08,-3.3
P00651,A,V104C,-3.67,-2.9
P00651,A,V104S,-4.73,-4.5
P00651,A,V104T,-4.08,-3.3
P00651,A,N107A,-2.87,-0.0
P00651,A,V115C,-3.54,-1.3
P00651,A,V115S,-4.87,-3.5
P00651,A,V115T,-3.07,-2.5
P00651,A,H118A,-0.62,-1.6
P00563,A,D122A,-0.48,-0.4
P00563,A,D122N,-1.19,0.0
P00648,A,I51A,-1.4,-0.6
P00648,A,I51V,-0.6,-0.1
P00648,A,N52A,-1.9,0.1
P00648,A,T53A,-2.1,-0.0
P00648,A,T53D,0.11,-0.2
P00648,A,T53E,-0.27,-0.1
P00648,A,T53G,-1.2,-0.3
P00648,A,T53H,-2.65,0.0
P00648,A,T53N,-1.27,-0.1
P00648,A,T53P,-3.08,-0.2
P00648,A,T53Q,-1.87,-0.0
P00648,A,T53S,-0.22,-0.1
P00648,A,F54L,-4.6,-0.1
P00648,A,D55A,-0.9,0.0
P00648,A,D55G,-1.17,-0.2
P00648,A,D55S,-0.97,0.0
P00648,A,V57A,-3.4,-1.5
P00648,A,V57T,-2.5,-1.4
P00648,A,D59A,-0.3,0.3
P00648,A,D59G,-1.29,-0.1
P00648,A,D59S,-0.65,0.1
P00648,A,Y60A,-3.3,-1.4
P00648,A,Y60F,-0.41,-0.3
P00648,A,Y60G,-6.4,-1.9
P00648,A,L61A,-4.3,-1.4
P00648,A,Q62A,-0.2,-0.1
P00648,A,Q62G,-1.6,-0.5
P00648,A,Q62I,1.0,0.2
P00648,A,T63A,-0.27,-0.0
P00648,A,T63G,-1.66,-0.2
P00648,A,T63R,0.5,0.0
P00648,A,T63S,-1.7,-0.1
P00648,A,Y64A,-2.0,-0.6
P00648,A,Y64F,-0.3,-0.2
P00648,A,Y64G,-4.03,-0.7
P00648,A,Y64S,-2.57,-0.5
P00648,A,H65A,-1.85,-0.2
P00648,A,H65D,-2.56,-0.2
P00648,A,H65G,-0.7,-0.2
P00648,A,H65K,-1.2,-0.3
P00648,A,H65N,-1.68,-0.1
P00648,A,H65Q,-1.6,-0.1
P00648,A,H65R,-1.17,-0.1
P00648,A,H65S,-2.28,-0.2
P00648,A,K66A,1.0,-0.0
P00648,A,K66R,0.2,0.3
P00648,A,D69M,-0.27,0.1
P00648,A,N70A,-2.2,-0.2
P00648,A,Y71F,0.09,-0.1
P00648,A,I72A,-3.5,-1.3
P00648,A,I72V,-1.1,-0.4
P00648,A,T73A,-1.9,-0.5
P00648,A,T73D,-0.08,-0.6
P00648,A,T73E,-0.05,-0.5
P00648,A,T73G,-1.5,-0.9
P00648,A,T73H,-4.3,-0.5
P00648,A,T73N,-1.29,-0.5
P00648,A,T73Q,-1.72,-0.4
P00648,A,T73S,-0.56,-0.5
P00648,A,T73V,-2.31,-0.1
P00648,A,K74A,0.36,-0.3
P00648,A,K74G,-0.4,-0.6
P00648,A,S75A,0.41,-0.0
P00648,A,S75E,0.4,0.0
P00648,A,S75G,-0.45,-0.2
P00648,A,E76A,-1.25,-0.3
P00648,A,E76G,-1.8,-0.5
P00648,A,E76Q,-0.22,0.0
P00648,A,E76S,-1.23,-0.3
P00648,A,Q78A,0.1,-0.2
P00648,A,Q78G,-0.98,-0.4
P00648,A,Q78S,-0.2,-0.2
P00648,A,A79C,-1.0,-0.1
P00648,A,A79D,-0.7,-0.0
P00648,A,A79E,-0.6,0.0
P00648,A,A79F,-0.7,0.0
P00648,A,A79G,-0.9,-0.1
P00648,A,A79H,-0.8,0.0
P00648,A,A79I,-0.8,0.0
P00648,A,A79K,-0.2,-0.0
P00648,A,A79L,-0.3,0.0
P00648,A,A79M,-0.3,0.1
P00648,A,A79N,-0.7,-0.0
P00648,A,A79P,-4.1,-0.1
P00648,A,A79Q,-0.5,0.1
P00648,A,A79R,-0.1,0.1
P00648,A,A79S,-0.4,-0.0
P00648,A,A79T,-0.8,0.0
P00648,A,A79V,-0.9,0.0
P00648,A,A79W,-1.0,0.1
P00648,A,A79Y,-0.8,0.1
P00648,A,L80Q,-1.3,-0.4
P00648,A,G81A,-3.12,-0.2
P00648,A,G81D,-3.39,-0.4
P00648,A,G81H,-2.65,-0.2
P00648,A,G81K,-3.12,-0.4
P00648,A,G81N,-2.75,-0.3
P00648,A,G81R,-2.42,-0.2
P00648,A,G81S,-3.2,-0.3
P00648,A,G81T,-3.37,-0.3
P00648,A,V83A,-1.3,-0.2
P00648,A,V83T,-1.1,-0.0
P00648,A,S85A,0.3,-0.1
P00648,A,N88D,-2.5,-0.2
P00648,A,L89G,-7.0,-2.1
P00648,A,L89T,-3.3,-1.3
P00648,A,L89V,-0.5,-0.7
P00648,A,D91E,0.1,0.0
P00648,A,V92A,-1.8,-0.8
P00648,A,V92T,-2.4,-0.7
P00648,A,I98A,-4.7,-1.8
P00648,A,I98V,-1.8,-0.7
P00648,A,G99A,-5.3,-0.2
P00648,A,G99V,-8.4,-0.1
P00648,A,G100A,-3.4,-0.8
P00648,A,G100V,-7.8,-0.9
P00648,A,D101A,-3.0,-0.1
P00648,A,D101N,-2.4,0.1
P00648,A,I102A,-1.1,-0.5
P00648,A,I102G,-3.1,-0.8
P00648,A,I102T,-0.6,-0.3
P00648,A,I102V,-0.3,0.1
P00648,A,S104A,0.15,0.0
P00648,A,N105A,-2.7,-1.5
P00648,A,N105D,0.5,-0.8
P00648,A,R106A,0.64,-0.4
P00648,A,K109R,-0.4,0.6
P00648,A,G112S,0.5,0.2
P00648,A,K113A,0.2,-0.0
P00648,A,R116K,-3.13,-0.9
P00648,A,R116M,-2.12,-0.2
P00648,A,R116S,-2.72,-0.9
P00648,A,R119G,-2.5,-1.7
P00648,A,E120A,-2.3,-0.9
P00648,A,E120F,-2.1,0.3
P00648,A,E120G,-5.4,-2.1
P00648,A,E120Q,-2.7,0.1
P00648,A,E120W,-2.2,0.6
P00648,A,D122N,-4.8,0.2
P00648,A,I123A,-1.9,-2.6
P00648,A,I123T,-2.69,-2.1
P00648,A,I123V,-0.8,0.2
P00648,A,N124A,-1.6,-0.2
P00648,A,Y125F,-1.4,-0.7
P00648,A,T126V,0.3,-0.0
P00648,A,R130K,-4.13,-1.1
P00648,A,R130Q,-2.05,-1.0
P00648,A,N131A,-2.0,-0.4
P00648,A,S132A,-0.12,0.1
P00648,A,I135A,-4.0,-3.9
P00648,A,I135G,-7.4,-5.6
P00648,A,I135L,-0.3,-0.8
P00648,A,I135V,-1.3,-1.1
P00648,A,L136G,-7.0,-4.7
P00648,A,L136T,-2.5,-2.3
P00648,A,L136V,-0.3,0.7
P00648,A,S138A,-1.9,0.1
P00648,A,S139A,-2.8,-0.3
P00648,A,D140N,-4.11,-0.0
P00648,A,W141F,-1.06,-0.3
P00648,A,W141L,-1.59,-0.5
P00648,A,W141Y,-1.27,-0.0
P00648,A,L142G,-4.7,-2.3
P00648,A,I143A,-3.2,-2.5
P00648,A,I143G,-5.7,-4.3
P00648,A,I143V,-0.9,-0.5
P00648,A,Y144G,-6.6,-5.0
P00648,A,T146V,-2.7,-0.6
P00648,A,T147G,-2.8,-0.5
P00648,A,H149A,-0.24,-1.6
P00648,A,Y150F,-0.18,-1.5
P00648,A,Q151A,-0.16,-0.1
P00648,A,T152V,-2.2,-0.1
P00648,A,K155R,0.9,0.4
P00648,A,I156A,-2.1,-2.2
P00648,A,I156V,-0.8,-0.4
P00648,A,R157A,-0.4,-0.2
P00644,A,T44C,-0.2,0.0
P00644,A,T44I,-0.6,0.2
P00644,A,T44S,0.0,-0.1
P00644,A,T44V,0.1,0.2
P00644,A,S59A,0.5,0.1
P00644,A,S59F,0.0,0.2
P00644,A,S59G,-1.1,-0.1
P00644,A,N68G,-0.5,-0.0
P00644,A,D77A,-3.133333333,0.0
P00644,A,D77G,-2.2,-0.0
P00644,A,T86A,-0.2,-0.0
P00644,A,T86G,-0.2,-0.2
P00644,A,K87A,0.3,0.1
P00644,A,K87G,0.3,-0.0
P00644,A,K88A,0.3,0.0
P00644,A,K88G,0.3,-0.0
P00644,A,L89A,-1.6,-0.4
P00644,A,L89F,-1.2,0.1
P00644,A,L89G,-1.5,-0.9
P00644,A,L89I,-0.9,0.0
P00644,A,L89V,-1.4,-0.0
P00644,A,H90A,-0.4,-0.0
P00644,A,H90G,-0.8,-0.3
P00644,A,K91A,-1.4,0.2
P00644,A,K91F,-1.2,0.8
P00644,A,K91G,-1.9,-0.3
P00644,A,E92A,-1.3,0.4
P00644,A,E92G,-1.8,-0.5
P00644,A,E92K,-2.2,-0.0
P00644,A,E92Q,-1.3,0.4
P00644,A,P93A,-0.4,0.2
P00644,A,P93F,-0.6,0.5
P00644,A,P93G,-1.0,-0.2
P00644,A,A94G,-2.4,-1.1
P00644,A,A94V,-1.1,0.9
P00644,A,T95A,-0.7,-0.1
P00644,A,T95C,-1.4,-0.1
P00644,A,T95G,-1.1,-0.6
P00644,A,T95I,-0.1,0.4
P00644,A,T95S,-0.3,-0.3
P00644,A,T95V,-0.4,0.4
P00644,A,L96A,-2.3,-1.4
P00644,A,L96G,-3.7,-2.8
P00644,A,L96I,-1.5,0.4
P00644,A,L96V,-1.5,0.7
P00644,A,I97A,-2.7,-0.9
P00644,A,I97G,-3.3,-1.8
P00644,A,I97L,-0.6,-0.1
P00644,A,I97M,-0.3,-0.4
P00644,A,I97V,-0.8,0.0
P00644,A,K98A,-0.2,0.4
P00644,A,K98F,-0.5,0.9
P00644,A,K98G,-0.7,-0.3
P00644,A,A99G,-0.3,-1.4
P00644,A,A99V,-1.9,2.2
P00644,A,I100A,-2.5,-1.3
P00644,A,I100G,-2.5,-2.1
P00644,A,I100L,-0.2,-0.3
P00644,A,I100M,-0.5,-0.5
P00644,A,I100V,-1.1,-0.3
P00644,A,D101A,-0.1,-0.7
P00644,A,D101F,-1.5,0.2
P00644,A,D101G,-0.5,-1.4
P00644,A,D101K,-0.3,-0.8
P00644,A,D101N,-0.2,-0.2
P00644,A,G102A,-0.3,-0.7
P00644,A,G102E,-3.2,-1.7
P00644,A,G102V,-2.3,-0.9
P00644,A,D103A,0.7,-0.6
P00644,A,D103G,0.3,-1.4
P00644,A,D103K,1.0,-0.7
P00644,A,D103N,1.4,-0.0
P00644,A,T104A,-1.6,-1.3
P00644,A,T104C,-0.9,-1.1
P00644,A,T104G,-2.4,-2.4
P00644,A,T104I,-0.7,0.0
P00644,A,T104S,-0.6,-1.2
P00644,A,T104V,-0.9,-0.2
P00644,A,V105A,-2.9,-2.6
P00644,A,V105E,-4.4,-3.9
P00644,A,V105F,-2.3,0.1
P00644,A,V105G,-5.6,-4.5
P00644,A,V105I,-0.2,0.6
P00644,A,V105L,-0.1,0.2
P00644,A,V105S,-4.7,-3.8
P00644,A,V105T,-3.2,-2.5
P00644,A,K106A,-0.2,0.6
P00644,A,K106F,-0.6,1.8
P00644,A,K106G,-1.2,-0.6
P00644,A,L107A,-2.7,-2.5
P00644,A,L107E,-5.9,-4.0
P00644,A,L107G,-4.5,-4.6
P00644,A,L107I,-1.7,0.2
P00644,A,L107V,-1.8,0.2
P00644,A,M108A,-1.5,-0.5
P00644,A,M108G,-2.2,-1.3
P00644,A,M108I,-0.9,0.2
P00644,A,M108L,-0.5,0.2
P00644,A,Y109A,-4.2,-1.2
P00644,A,Y109C,-2.9,-1.1
P00644,A,Y109D,-5.4,-2.0
P00644,A,Y109E,-5.0,-1.8
P00644,A,Y109F,-0.6,-0.0
P00644,A,Y109G,-5.8,-2.2
P00644,A,Y109H,-1.6,-1.1
P00644,A,Y109I,-2.5,0.0
P00644,A,Y109K,-3.9,-1.8
P00644,A,Y109L,-1.5,-0.0
P00644,A,Y109M,-2.0,-0.4
P00644,A,Y109N,-4.0,-1.6
P00644,A,Y109P,-6.1,-1.9
P00644,A,Y109Q,-3.2,-1.4
P00644,A,Y109R,-2.9,-1.0
P00644,A,Y109S,-3.0,-1.6
P00644,A,Y109T,-3.3,-1.1
P00644,A,Y109V,-3.0,-0.1
P00644,A,Y109W,-0.6,-0.2
P00644,A,K110A,-0.7,0.1
P00644,A,K110E,-0.8,0.0
P00644,A,K110F,-0.9,0.2
P00644,A,K110G,-0.7,-0.0
P00644,A,K110Q,-0.3,0.1
P00644,A,G111A,-1.3,-0.0
P00644,A,G111C,-1.1,-0.1
P00644,A,G111F,-1.4,0.2
P00644,A,G111V,-3.0,0.1
P00644,A,Q112A,-0.3,-0.1
P00644,A,Q112G,-0.9,-0.4
P00644,A,P113A,-0.6,0.1
P00644,A,P113G,-1.6,-0.2
P00644,A,M114A,-1.7,-0.7
P00644,A,M114G,-2.4,-1.6
P00644,A,M114I,-0.6,0.4
P00644,A,M114L,-0.8,0.3
P00644,A,T115A,-1.4,-0.3
P00644,A,T115C,-1.2,-0.4
P00644,A,T115G,-2.5,-1.1
P00644,A,T115I,0.6,0.6
P00644,A,T115S,-1.4,-0.5
P00644,A,T115V,0.4,0.5
P00644,A,F116A,-3.7,-2.5
P00644,A,F116C,-2.8,-2.1
P00644,A,F116E,-3.9,-3.5
P00644,A,F116G,-6.2,-4.4
P00644,A,R117A,-1.4,-1.1
P00644,A,R117G,-2.2,-2.5
P00644,A,L118A,-3.5,-3.7
P00644,A,L118C,-2.9,-3.2
P00644,A,L118E,-4.7,-4.9
P00644,A,L118G,-5.3,-5.5
P00644,A,L118I,-3.1,-0.8
P00644,A,L118V,-3.5,-1.3
P00644,A,L119A,-1.7,-1.5
P00644,A,L119E,-2.1,-2.5
P00644,A,L119G,-3.8,-3.1
P00644,A,L119I,-2.0,-0.0
P00644,A,L119V,-3.0,-0.3
P00644,A,L120A,-1.7,-0.9
P00644,A,L120E,-1.2,-2.3
P00644,A,L120G,-0.6,-1.2
P00644,A,L120I,-2.1,-0.1
P00644,A,L120V,-0.2,-0.3
P00644,A,V121A,-2.2,-2.7
P00644,A,V121E,-3.9,-3.8
P00644,A,V121G,-4.7,-4.4
P00644,A,V121I,0.1,0.8
P00644,A,V121L,-0.9,-0.3
P00644,A,V121S,-2.4,-3.4
P00644,A,V121T,-1.3,-2.2
P00644,A,D122A,0.2,-0.3
P00644,A,D122G,-0.5,-1.2
P00644,A,T123A,-0.0,0.0
P00644,A,T123C,0.6,-0.2
P00644,A,T123E,-2.1,-1.6
P00644,A,T123G,-2.0,-1.7
P00644,A,T123I,0.7,0.3
P00644,A,T123S,-1.1,-0.6
P00644,A,T123V,0.8,0.3
P00644,A,P124A,0.1,-1.5
P00644,A,P124G,-0.4,-2.5
P00644,A,E125A,0.3,-0.4
P00644,A,E125D,0.2,-0.3
P00644,A,E125G,0.5,-1.2
P00644,A,T126A,-0.4,-0.4
P00644,A,T126C,-0.2,-0.4
P00644,A,T126G,-0.6,-1.1
P00644,A,T126I,-0.6,0.4
P00644,A,T126S,-0.0,-0.4
P00644,A,T126V,0.1,0.2
P00644,A,K127A,0.3,-0.0
P00644,A,K127E,-0.0,-0.0
P00644,A,K127F,-0.2,0.1
P00644,A,K127G,0.2,-0.1
P00644,A,K127Q,-0.0,0.0
P00644,A,H128A,-0.5,-0.5
P00644,A,H128G,-0.4,-0.8
P00644,A,H128Y,-0.0,0.4
P00644,A,P129A,-0.6,-0.0
P00644,A,P129F,-0.3,0.1
P00644,A,P129G,-0.1,-0.1
P00644,A,K130A,0.1,0.0
P00644,A,K130E,-0.0,0.0
P00644,A,K130F,-0.5,0.1
P00644,A,K130G,0.2,0.0
P00644,A,K130Q,-0.1,0.1
P00644,A,K131A,-0.3,0.0
P00644,A,K131F,-0.0,0.2
P00644,A,K131G,-0.2,-0.1
P00644,A,G132A,0.2,0.4
P00644,A,G132C,-0.8,0.4
P00644,A,G132F,-0.8,0.7
P00644,A,G132V,-1.1,0.6
P00644,A,V133A,-0.3,-0.2
P00644,A,V133G,-0.4,-0.5
P00644,A,V133I,0.1,0.0
P00644,A,V133L,-0.2,-0.0
P00644,A,V133S,-0.1,-0.2
P00644,A,V133T,0.2,-0.1
P00644,A,E134A,-0.1,-0.0
P00644,A,E134F,-0.7,0.6
P00644,A,E134G,-0.4,-0.7
P00644,A,K135A,-0.2,0.2
P00644,A,K135G,-0.3,-0.4
P00644,A,Y136A,-2.2,-2.2
P00644,A,Y136F,-0.5,-0.2
P00644,A,Y136G,-1.9,-3.1
P00644,A,Y136L,-3.4,-0.7
P00644,A,G137A,-0.6,0.4
P00644,A,G137V,-1.8,0.4
P00644,A,P138A,-0.0,0.2
P00644,A,P138G,-1.0,-0.5
P00644,A,E139A,-0.2,-0.0
P00644,A,E139C,-0.7,-0.2
P00644,A,E139F,-0.7,0.4
P00644,A,E139G,-1.6,-0.7
P00644,A,E139K,-0.1,-0.3
P00644,A,E139Q,-0.2,0.3
P00644,A,A140E,-3.8,-1.5
P00644,A,A140G,-2.6,-1.9
P00644,A,A140V,-2.8,-0.1
P00644,A,S141A,0.4,0.1
P00644,A,S141F,-0.0,1.1
P00644,A,S141G,-1.1,-0.9
P00644,A,A142C,-1.2,-0.2
P00644,A,A142F,-0.8,0.4
P00644,A,A142G,-1.4,-0.6
P00644,A,A142V,-2.8,0.4
P00644,A,F143A,-2.3,-1.8
P00644,A,F143G,-4.8,-2.8
P00644,A,T144A,-2.4,-0.2
P00644,A,T144C,-1.1,0.1
P00644,A,T144E,-2.5,-1.2
P00644,A,T144G,-3.5,-1.9
P00644,A,T144I,-1.7,2.2
P00644,A,T144S,-2.1,-1.1
P00644,A,T144V,-0.2,1.8
P00644,A,K145A,-0.5,0.3
P00644,A,K145E,-1.5,0.1
P00644,A,K145F,-2.0,1.0
P00644,A,K145G,-1.5,-0.5
P00644,A,K145Q,-1.0,0.4
P00644,A,K146A,0.1,0.3
P00644,A,K146E,-1.6,0.1
P00644,A,K146F,-0.3,0.6
P00644,A,K146G,-0.4,-0.2
P00644,A,K146Q,-0.0,0.3
P00644,A,M147A,-2.0,-1.5
P00644,A,M147F,-1.6,0.4
P00644,A,M147G,-4.6,-2.7
P00644,A,M147I,-1.5,0.3
P00644,A,M147L,-0.8,0.8
P00644,A,V148A,-2.2,-2.5
P00644,A,V148G,-4.4,-4.4
P00644,A,V148I,-1.0,0.3
P00644,A,V148K,-5.2,-3.8
P00644,A,V148L,-0.2,0.4
P00644,A,V148M,-0.2,-0.8
P00644,A,V148S,-3.1,-3.6
P00644,A,V148T,-1.2,-2.4
P00644,A,V148W,-3.01,-0.9
P00644,A,E149A,-1.0,0.4
P00644,A,E149F,-1.4,0.9
P00644,A,E149G,-0.9,-0.3
P00644,A,E149Q,-0.5,0.3
P00644,A,N150A,-0.5,0.0
P00644,A,N150G,-0.5,-0.1
P00644,A,A151G,-2.0,-0.4
P00644,A,A151T,-2.7,0.2
P00644,A,A151V,-2.3,0.7
P00644,A,K152A,-0.1,-0.0
P00644,A,K152C,-0.5,-0.0
P00644,A,K152E,-0.4,-0.0
P00644,A,K152F,-0.2,0.0
P00644,A,K152G,-0.5,-0.1
P00644,A,K152Q,-0.3,0.0
P00644,A,K152W,-0.84,0.1
P00644,A,K153A,-0.4,0.2
P00644,A,K153F,-0.0,0.6
P00644,A,K153G,-1.1,-0.3
P00644,A,I154A,-5.1,-2.7
P00644,A,I154E,-4.7,-3.9
P00644,A,I154G,-6.5,-4.6
P00644,A,I154L,-0.2,-0.6
P00644,A,I154M,-1.8,-1.4
P00644,A,I154V,-1.8,0.2
P00644,A,E155A,-1.2,0.6
P00644,A,E155F,-1.1,1.9
P00644,A,E155G,-2.7,-0.7
P00644,A,E155K,-2.1,0.0
P00644,A,E155Q,-0.7,0.6
P00644,A,V156A,-3.1,-2.5
P00644,A,V156E,-5.4,-3.9
P00644,A,V156G,-6.6,-4.5
P00644,A,V156I,-1.8,0.2
P00644,A,V156L,-1.2,0.3
P00644,A,V156S,-5.4,-3.6
P00644,A,V156T,-3.8,-2.5
P00644,A,E157A,-2.2,0.4
P00644,A,E157G,-3.5,-0.9
P00644,A,E157K,-2.3,-0.0
P00644,A,E157Q,-0.7,0.6
P00644,A,E157V,-2.31,1.5
P00644,A,F158A,-4.0,-1.3
P00644,A,F158G,-4.7,-2.6
P00644,A,F158V,-0.0,-0.2
P00644,A,F158W,-1.0,-0.3
P00644,A,D159A,-3.1,0.0
P00644,A,D159G,-2.2,-0.6
P00644,A,D159K,-3.5,-0.1
P00644,A,D159N,-2.9,0.1
P00644,A,K160A,-0.6,0.1
P00644,A,K160C,-0.4,0.1
P00644,A,K160E,-0.8,-0.0
P00644,A,K160F,0.1,0.3
P00644,A,K160G,-1.1,-0.2
P00644,A,K160Q,-0.1,0.1
P00644,A,G161A,-2.4,0.2
P00644,A,G161D,-2.28,0.2
P00644,A,G161S,-2.4,0.3
P00644,A,G161V,-2.4,0.6
P00644,A,Q162A,-0.1,-0.1
P00644,A,Q162F,-0.7,0.1
P00644,A,Q162G,-1.4,-0.4
P00644,A,R163A,-1.1,-0.4
P00644,A,R163G,-2.2,-0.6
P00644,A,T164A,-0.9,-0.4
P00644,A,T164C,-0.1,-0.4
P00644,A,T164G,-2.0,-0.7
P00644,A,T164I,0.5,0.2
P00644,A,T164S,-0.7,-0.3
P00644,A,T164V,0.2,0.1
P00644,A,D165A,-3.8,-1.2
P00644,A,D165F,-5.2,-0.3
P00644,A,D165G,-2.7,-1.3
P00644,A,K166A,0.2,-0.1
P00644,A,K166E,-0.0,-0.1
P00644,A,K166F,-0.9,0.0
P00644,A,K166G,-0.3,-0.2
P00644,A,K166Q,-0.1,0.0
P00644,A,Y167A,-0.4,-1.1
P00644,A,Y167F,-0.2,-0.3
P00644,A,Y167G,-1.0,-1.2
P00644,A,Y167L,-0.1,-0.8
P00644,A,G168A,-0.6,-0.2
P00644,A,G168F,-2.0,0.1
P00644,A,G168V,-3.7,-0.2
P00644,A,R169A,-0.9,-1.1
P00644,A,R169G,-2.6,-1.9
P00644,A,G170A,-0.1,1.3
P00644,A,G170V,-0.9,2.9
P00644,A,G170W,-1.22,3.0
P00644,A,L171A,-2.6,-2.2
P00644,A,L171F,-1.2,-0.4
P00644,A,L171G,-3.2,-3.4
P00644,A,L171I,-1.1,-0.2
P00644,A,L171V,-1.4,-0.4
P00644,A,A172E,-7.5,-2.1
P00644,A,A172G,-2.0,-1.8
P00644,A,A172S,-2.0,-1.6
P00644,A,A172V,-0.2,0.8
P00644,A,Y173A,-5.3,-2.2
P00644,A,Y173E,-5.0,-3.2
P00644,A,Y173F,-2.4,-0.1
P00644,A,Y173G,-6.7,-4.1
P00644,A,Y173L,-3.9,-0.4
P00644,A,Y173S,-5.3,-3.1
P00644,A,I174A,-4.0,-3.1
P00644,A,I174E,-5.6,-4.8
P00644,A,I174G,-6.6,-5.4
P00644,A,I174L,-0.6,-0.3
P00644,A,I174M,-1.6,-1.5
P00644,A,I174V,-0.5,0.1
P00644,A,Y175A,-6.5,-2.4
P00644,A,Y175F,-2.0,-0.1
P00644,A,Y175G,-7.5,-3.8
P00644,A,Y175L,-4.5,-0.8
P00644,A,A176G,-2.4,-1.5
P00644,A,A176V,-1.3,1.7
P00644,A,D177A,-3.3,-0.2
P00644,A,D177F,-5.3,0.2
P00644,A,D177G,-2.7,-0.4
P00644,A,G178A,-1.8,-0.1
P00644,A,G178F,-3.0,0.2
P00644,A,G178V,-3.7,-0.0
P00644,A,K179A,-0.1,0.0
P00644,A,K179E,-0.6,-0.1
P00644,A,K179F,-0.7,0.4
P00644,A,K179G,-1.7,-0.3
P00644,A,K179Q,-0.4,0.1
P00644,A,M180A,-4.6,-0.9
P00644,A,M180G,-4.5,-1.9
P00644,A,M180I,-4.4,0.4
P00644,A,M180L,-2.3,0.5
P00644,A,V181A,-3.2,-2.5
P00644,A,V181E,-4.8,-3.7
P00644,A,V181G,-5.0,-4.2
P00644,A,V181I,-0.2,0.3
P00644,A,V181L,-0.3,0.1
P00644,A,V181S,-5.1,-3.5
P00644,A,V181T,-3.3,-2.3
P00644,A,N182A,-5.2,0.6
P00644,A,N182E,0.1,-0.7
P00644,A,N182G,-5.1,-0.7
P00644,A,E183A,-1.9,0.8
P00644,A,E183F,-3.1,1.8
P00644,A,E183G,-3.1,-0.6
P00644,A,A184F,-1.9,1.1
P00644,A,A184G,-1.3,-1.3
P00644,A,A184V,-1.9,1.0
P00644,A,L185A,-4.6,-3.3
P00644,A,L185E,-3.8,-4.6
P00644,A,L185G,-6.6,-5.2
P00644,A,L185I,-1.1,-0.8
P00644,A,L185V,-2.0,-1.3
P00644,A,V186A,-2.9,-2.7
P00644,A,V186E,-2.0,-4.0
P00644,A,V186G,-6.5,-4.6
P00644,A,V186I,0.2,0.1
P00644,A,V186L,-0.8,-0.0
P00644,A,V186S,-4.9,-3.7
P00644,A,V186T,-2.5,-2.6
P00644,A,R187A,-1.4,-0.3
P00644,A,R187C,-2.7,-0.6
P00644,A,R187F,-3.1,0.1
P00644,A,R187G,-2.4,-1.1
P00644,A,Q188A,0.1,-0.0
P00644,A,Q188G,-1.5,-0.9
P00644,A,G189A,-4.5,-0.7
P00644,A,G189V,-7.5,-0.3
P00644,A,L190A,-5.8,-2.5
P00644,A,L190G,-7.2,-3.9
P00644,A,L190I,-3.4,-0.6
P00644,A,L190V,-3.9,-0.9
P00644,A,A191E,-4.4,-2.2
P00644,A,A191G,-1.0,-2.2
P00644,A,A191V,-3.1,0.3
P00644,A,K192A,-1.3,0.3
P00644,A,K192G,-2.7,-0.5
P00644,A,V193A,-4.7,-1.3
P00644,A,V193G,-4.9,-2.7
P00644,A,V193I,-0.7,-0.0
P00644,A,V193L,-0.9,-0.2
P00644,A,V193S,-4.8,-2.0
P00644,A,V193T,-2.3,-1.4
P00644,A,A194C,-0.8,0.1
P00644,A,A194F,-1.6,1.2
P00644,A,A194G,-0.0,-0.7
P00644,A,A194V,-1.5,0.7
P00644,A,Y195A,0.1,-0.8
P00644,A,Y195F,-0.0,-0.1
P00644,A,Y195G,-0.3,-1.2
P00644,A,Y195L,0.2,-0.3
P00644,A,V196A,-0.0,-0.4
P00644,A,V196G,-0.2,-0.9
P00644,A,V196I,-0.1,0.1
P00644,A,V196L,-1.1,0.1
P00644,A,V196S,-0.0,-0.5
P00644,A,V196T,-0.3,-0.3
P00644,A,Y197A,-0.3,-0.5
P00644,A,Y197F,-0.1,-0.1
P00644,A,Y197G,-0.7,-0.7
P00644,A,Y197L,-0.3,-0.3
P00644,A,K198A,0.7,0.1
P00644,A,K198F,-0.1,0.1
P00644,A,K198G,1.0,-0.0
P00644,A,P199A,0.8,-0.1
P00644,A,P199F,0.3,0.2
P00644,A,P199G,1.6,-0.3
P00644,A,P199L,0.2,0.1
P00644,A,P199T,1.1,0.1
P00644,A,N200A,-2.1,-0.2
P00644,A,N200D,-2.5,-0.3
P00644,A,N200E,-1.9,-0.3
P00644,A,N200G,-1.9,-0.8
P00644,A,N201A,-1.3,-0.1
P00644,A,N201G,-1.3,-0.5
P00644,A,T202A,-1.2,-0.1
P00644,A,T202C,-1.7,-0.2
P00644,A,T202G,-2.1,-0.5
P00644,A,T202I,-1.7,0.2
P00644,A,T202S,-0.6,-0.1
P00644,A,T202V,-1.8,0.1
P00644,A,H203A,-3.1,-0.7
P00644,A,H203G,-4.2,-1.3
P00644,A,E204A,-0.4,0.2
P00644,A,E204F,-0.8,1.0
P00644,A,E204G,-2.2,-0.5
P00644,A,E204K,-2.7,-0.0
P00644,A,E204Q,-1.6,0.3
P00644,A,Q205A,-0.4,-0.0
P00644,A,Q205F,-0.7,0.1
P00644,A,Q205G,-0.6,-0.2
P00644,A,H206A,0.4,-0.1
P00644,A,H206E,0.2,-0.3
P00644,A,H206F,0.3,0.3
P00644,A,H206G,-0.5,-0.7
P00644,A,H206L,0.7,0.3
P00644,A,H206Q,0.6,-0.1
P00644,A,L207A,-4.9,-2.3
P00644,A,L207E,-4.0,-2.8
P00644,A,L207G,-7.0,-3.5
P00644,A,L207I,-1.0,-0.3
P00644,A,L207V,-2.3,-0.8
P00644,A,R208A,-1.7,-0.3
P00644,A,R208G,-2.9,-0.9
P00644,A,K209A,0.2,0.1
P00644,A,K209E,0.0,-0.1
P00644,A,K209F,-0.3,0.2
P00644,A,K209G,-0.7,-0.3
P00644,A,K209Q,0.0,0.1
P00644,A,S210A,0.7,0.6
P00644,A,S210F,-1.0,1.1
P00644,A,S210G,-1.6,-0.7
P00644,A,E211A,-2.4,-0.3
P00644,A,E211F,-4.0,0.6
P00644,A,E211G,-3.8,-1.3
P00644,A,A212G,-1.1,-0.5
P00644,A,A212V,-1.2,0.3
P00644,A,Q213A,-0.2,-0.4
P00644,A,Q213F,-0.7,-0.0
P00644,A,Q213G,-2.4,-0.9
P00644,A,A214E,-5.8,-1.1
P00644,A,A214G,-3.7,-1.6
P00644,A,A214V,-4.8,-0.3
P00644,A,K215A,-1.4,-0.2
P00644,A,K215F,-1.4,0.1
P00644,A,K215G,-3.3,-0.6
P00644,A,K215Q,-0.5,0.2
P00644,A,K216A,0.1,0.1
P00644,A,K216C,-0.7,-0.0
P00644,A,K216F,-0.5,0.2
P00644,A,K216G,-0.7,-0.1
P00644,A,E217A,-0.7,-0.1
P00644,A,E217F,-1.2,0.0
P00644,A,E217G,-1.7,-0.5
P00644,A,E217K,-1.1,-0.4
P00644,A,E217Q,-0.7,-0.0
P00644,A,K218A,-0.9,-0.1
P00644,A,K218F,-1.2,0.2
P00644,A,K218G,-0.2,-0.3
P00644,A,L219A,-2.3,-0.9
P00644,A,L219G,-4.6,-1.6
P00644,A,L219I,-0.8,-0.1
P00644,A,L219V,-1.4,-0.3
P00644,A,N220A,-1.1,0.3
P00644,A,N220G,0.1,0.7
P00644,A,I221A,-3.5,-1.7
P00644,A,I221G,-4.4,-2.6
P00644,A,I221L,-0.1,0.2
P00644,A,I221M,-0.4,-0.3
P00644,A,I221V,-1.5,-0.3
P00644,A,W222F,-0.6,-1.6
P00644,A,W222H,-0.4,-2.8
P00644,A,W222L,-4.5,-2.0
P00644,A,W222Y,-1.1,-1.2
P00644,A,S223A,-0.4,0.3
P00644,A,S223G,-0.9,-0.4
P00644,A,E224A,-0.3,0.0
P00644,A,E224G,-0.3,-0.1
P00644,A,D225A,-0.1,0.0
P00644,A,D225F,-0.1,0.1
P00644,A,D225G,-0.2,-0.1
P00644,A,D225K,-0.3,-0.0
P00644,A,D225N,-0.3,0.0
P00644,A,N226A,-0.1,0.0
P00644,A,N226G,-0.5,-0.4
P00644,A,A227G,-0.4,-0.1
P00644,A,A227V,-0.3,0.1
P00644,A,D228A,-0.2,0.0
P00644,A,D228G,-0.2,-0.0
P00644,A,Q231G,-0.4,-0.0
P00712,A,V27A,-0.8,-2.3
P00712,A,L31A,-2.7,-3.7
P00712,A,W45F,-2.4,-2.1
P00712,A,T48I,0.12,2.8
P00712,A,T48V,1.86,2.3
P00712,A,A49I,0.3,1.0
P00712,A,A49T,0.06,-1.0
P00712,A,T52I,0.18,0.2
P00712,A,T57A,-1.6,-1.3
P00712,A,L71A,-3.2,-3.1
P00712,A,I74V,-2.7,-1.4
P00712,A,W79A,-2.0,-5.5
P00712,A,W79F,-1.27,-2.5
P00712,A,D106N,-1.1,0.1
P00712,A,I108V,-0.9,-0.4
P00712,A,V109A,0.9,-0.6
P00712,A,K112A,-1.7,0.4
P00712,A,I114V,-1.7,-0.8
P00712,A,L115A,-1.8,-1.6
P00712,A,Y122F,-2.1,-0.1
P00712,A,W123F,-2.27,-2.7
P00712,A,L124A,-0.3,-0.2
P00712,A,L129A,-0.3,-0.4
P00712,A,W137F,0.16,-0.5
P00282,A,V25A,-0.96,-1.7
P00282,A,I27A,-3.35,-2.8
P00282,A,I27S,-3.6,-3.8
P00282,A,I40A,-2.39,-3.1
P00282,A,I40T,-2.39,-2.9
P00282,A,I40V,-0.38,-0.6
P00282,A,V42A,-1.67,-2.5
P00282,A,V42T,-0.96,-2.7
P00282,A,V51A,-1.67,-2.5
P00282,A,V51T,-1.08,-2.5
P00282,A,L53A,-1.67,-2.8
P00282,A,H66G,-10.9,-3.7
P00282,A,W68A,-3.35,-2.4
P00282,A,L70A,-1.79,-2.4
P00282,A,L70T,-2.34,-2.5
P00282,A,L70V,-0.36,-0.1
P00282,A,V80G,-3.11,-1.1
P00282,A,I101A,-1.43,-1.3
P00282,A,I101T,-2.51,-1.1
P00282,A,I101V,-0.07,-0.3
P00282,A,A102G,-1.67,-1.2
P00282,A,V115A,-0.96,-2.0
P00282,A,V115T,0.96,-1.8
P00282,A,F117A,-2.63,-3.9
P00282,A,Y128A,-3.59,-3.7
P00282,A,F130A,-5.02,-4.2
P00282,A,F130S,-4.6,-5.3
P00282,A,C132S,1.57,-4.5
P00282,A,H137G,-9.9,-3.1
P00282,A,M141A,-2.87,-3.3
P00282,A,L145A,-1.67,-3.4
P00711,A,H51A,-2.13,-0.9
P00711,A,H51Y,0.07,0.6
P00711,A,V61A,-0.93,-0.4
P00711,A,V61G,-1.15,-0.8
P00711,A,V61N,-0.24,-0.3
P00711,A,Q73A,-0.41,-0.8
P00711,A,I78W,-0.93,0.8
P00711,A,Y122A,-2.39,-0.5
P00711,A,Y122P,-0.22,-1.6
P00711,A,W123Y,-2.44,-2.1
P00711,A,A125S,-1.05,-0.5
P00711,A,H126A,-0.79,-0.7
P00711,A,H126W,-1.72,3.2
P00711,A,H126Y,-0.19,2.2
P00711,A,L129E,-0.19,-0.3
P00711,A,L129H,1.39,0.2
P00711,A,L129R,0.43,-0.1
P00711,A,K133E,-0.65,0.1
P00711,A,K133N,2.65,0.1
P00711,A,K133Q,-0.6,0.1
P00711,A,Q136A,-0.96,-0.1
P00711,A,W137H,-0.6,-1.3
P00711,A,W137Y,-1.17,-0.2
P00592,A,H70K,-3.21,-2.8
P00592,A,H70N,-2.28,-2.0
P00592,A,H70Q,-1.03,-2.0
P00592,A,N89D,-0.19,-0.1
P00593,A,F44A,0.5,-3.4
P00593,A,F44I,2.7,-1.5
P00593,A,F44Y,1.5,0.4
P00593,A,H70A,-1.9,-2.8
P00593,A,H70N,-2.4,-2.0
P00593,A,H70Q,-0.5,-2.0
P00593,A,F128A,-0.9,-3.7
P00593,A,F128I,1.9,-1.3
P00593,A,F128Y,0.6,-1.0
P00698,A,F21Y,-0.45,0.0
P00698,A,M30F,0.28,0.8
P00698,A,M30L,-0.57,1.2
P00698,A,K31D,-6.69,-0.2
P00698,A,H33L,0.76,0.3
P00698,A,N37K,-1.06,-0.1
P00698,A,R39Q,-0.15,-0.1
P00698,A,A49I,1.4,3.4
P00698,A,A49L,1.8,2.9
P00698,A,A49V,1.2,2.5
P00698,A,F52Y,0.19,0.3
P00698,A,E53A,1.46,-0.5
P00698,A,E53H,-3.43,0.1
P00698,A,E53Q,-0.53,0.2
P00698,A,T58I,-2.2,0.4
P00698,A,T58S,-0.27,-1.0
P00698,A,N64D,0.46,-0.4
P00698,A,G67A,1.92,-0.5
P00698,A,G67N,-0.96,-0.3
P00698,A,I73A,-4.4,-2.9
P00698,A,I73F,-2.46,-0.7
P00698,A,I73L,-0.45,0.1
P00698,A,I73M,-2.27,-0.8
P00698,A,I73T,-3.3,-2.7
P00698,A,I73V,-0.91,-0.9
P00698,A,I76M,-1.18,-1.7
P00698,A,N77H,-0.38,0.1
P00698,A,G85A,1.27,0.0
P00698,A,R86K,-0.04,-0.2
P00698,A,P88N,-2.15,-0.1
P00698,A,G89A,-0.38,0.0
P00698,A,R91K,0.23,-0.3
P00698,A,C94A,-4.784688995,-2.5
P00698,A,N95H,-0.38,0.1
P00698,A,I96M,-0.9,-0.7
P00698,A,S109A,-0.15,0.3
P00698,A,S109D,-2.31,-0.2
P00698,A,S109T,0.99,0.3
P00698,A,S109V,-0.08,0.9
P00698,A,S109Y,-3.07,1.0
P00698,A,C112A,-4.78,-2.6
P00698,A,I116M,-0.9,-1.2
P00698,A,D119A,0.76,-0.1
P00698,A,D119E,-0.0,0.0
P00698,A,D119F,0.72,0.2
P00698,A,D119G,0.45,-0.2
P00698,A,D119K,0.19,-0.1
P00698,A,D119N,0.04,-0.0
P00698,A,D119P,-2.4,-0.1
P00698,A,D119Q,-0.08,0.1
P00698,A,D119R,0.27,0.1
P00698,A,D119S,0.87,-0.1
P00698,A,G120A,0.02,0.1
P00698,A,G120P,-0.1,0.2
P00698,A,G120R,0.38,0.3
P00698,A,G120V,-0.04,0.2
P00698,A,N121D,0.24,-0.1
P00698,A,M123T,-0.24,-1.0
P00698,A,W126Q,-3.59,-3.3
P00698,A,W126Y,-1.41,-1.3
P00698,A,R132H,0.68,0.2
P00698,A,G135A,-1.46,-0.0
P00698,A,T136P,-2.0,-0.2
P00698,A,Q139H,-0.45,0.0
P00974,A,L6A,-0.6,-0.2
P00974,A,L6M,-8.8,-0.1
P00974,A,Q31A,-1.0,-0.0
P00974,A,R36A,-0.5,-0.5
P00974,A,P37A,-1.3,-0.0
P00974,A,D38A,0.2,0.0
P00974,A,F39A,-3.0,-1.3
P00974,A,F39L,-2.2,-0.2
P00974,A,L41A,-0.6,-0.5
P00974,A,E42A,-1.5,0.3
P00974,A,P43A,-0.3,-0.3
P00974,A,P44A,-0.8,-0.2
P00974,A,Y45A,-1.2,-1.1
P00974,A,Y45L,-2.9,-0.5
P00974,A,T46A,-0.0,-0.3
P00974,A,G47A,-1.8,-0.5
P00974,A,G47D,-4.3,-0.9
P00974,A,G47V,-4.1,-0.4
P00974,A,P48A,-1.6,-0.1
P00974,A,P48S,-1.4,0.0
P00974,A,K50A,-0.4,0.0
P00974,A,A51T,-1.7,-0.0
P00974,A,A51V,-1.3,0.3
P00974,A,R52A,-0.3,-0.1
P00974,A,I53A,-1.5,-1.0
P00974,A,I54A,-2.1,-0.6
P00974,A,R55A,-1.8,-0.8
P00974,A,Y56A,-3.9,-2.7
P00974,A,Y56L,-3.4,-1.2
P00974,A,F57A,-1.2,-2.7
P00974,A,Y58A,-5.9,-3.9
P00974,A,N59A,-2.2,-0.7
P00974,A,K61A,-0.0,-0.0
P00974,A,G63A,-1.0,0.2
P00974,A,L64A,-0.0,-0.4
P00974,A,C65A,-6.1,-3.5
P00974,A,C65G,-8.7,-4.4
P00974,A,C65S,-8.0,-3.6
P00974,A,C65T,-7.8,-3.1
P00974,A,C65V,-6.0,-2.6
P00974,A,Q66A,-1.0,-0.3
P00974,A,T67A,-0.1,-0.0
P00974,A,F68I,-2.4,-1.9
P00974,A,F68L,-1.3,-1.7
P00974,A,V69A,-1.2,-0.8
P00974,A,Y70A,-4.7,-3.6
P00974,A,Y70D,-3.8,-4.2
P00974,A,Y70F,-0.6,-0.6
P00974,A,Y70G,-5.0,-4.7
P00974,A,Y70L,-3.7,-1.9
P00974,A,Y70N,-3.7,-3.6
P00974,A,G71A,-2.1,0.4
P00974,A,G71D,-2.8,-0.2
P00974,A,G71S,-0.7,0.3
P00974,A,G72A,-2.2,-0.3
P00974,A,G72D,-1.7,-0.6
P00974,A,R74A,-0.0,-0.2
P00974,A,K76A,-0.4,-0.3
P00974,A,R77A,-0.5,-0.3
P00974,A,N78G,-5.7,-1.9
P00974,A,N79A,-3.3,-0.7
P00974,A,N79G,-4.7,-1.3
P00974,A,F80A,-6.9,-4.2
P00974,A,K81A,0.1,0.1
P00974,A,S82A,-1.6,-0.2
P00974,A,E84A,-0.2,-0.1
P00974,A,D85A,-0.4,0.0
P00974,A,M87A,-1.7,-1.0
P00974,A,R88A,-0.1,-0.1
P00974,A,T89A,-0.1,-0.2
P00974,A,G91A,-0.2,0.8
P00974,A,G92A,-0.2,0.6
P00942,A,K12G,-3.7,-1.2
P00942,A,E97A,0.2,-1.4
P00942,A,E97D,0.1,-0.3
P00942,A,E97Q,0.1,-0.5
P00942,A,C126A,-4.9,-3.7
P00942,A,C126S,-8.6,-4.8
P00942,A,I170A,-0.6,-3.2
P00942,A,L230A,-0.8,-3.9
P00807,A,D170N,-0.43,0.6
P00811,A,Y166F,-1.0,-1.1
P00808,A,S140C,-0.9,1.1
P00808,A,S277C,-1.1,0.9
P00782,A,M157F,0.48,0.7
P00782,A,N183D,0.45,-0.1
P00782,A,G276A,0.3,1.5
P00782,A,Q313C,1.25,0.2
P00782,A,Y324K,0.72,-1.6
P00782,A,N325S,1.07,0.2
P00818,A,Y12F,0.4,0.6
P00818,A,Y12I,-2.2,1.1
P00818,A,V14A,-2.6,-2.9
P00818,A,V18A,-1.8,-3.2
P00818,A,V21A,-0.3,-2.7
P00818,A,F23L,-1.3,-1.8
P00818,A,Y26A,-0.2,-1.9
P00818,A,E30D,-3.5,-0.3
P00818,A,A31G,-1.6,-2.1
P00818,A,V36A,-2.5,-2.4
P00818,A,W39F,-0.0,-0.8
P00818,A,V40A,-1.6,-3.0
P00818,A,T43A,-1.8,-0.6
P00818,A,G46A,-1.7,-0.3
P00818,A,V48A,-1.9,-3.5
P00818,A,V52A,-1.9,-2.0
P00818,A,P55A,-0.5,-0.0
P00818,A,M62A,-4.0,-2.0
P00818,A,W65A,-1.5,-2.2
P00818,A,L66V,-5.4,-0.7
P00818,A,P72A,-1.6,-0.1
P00818,A,I76V,-1.4,0.0
P00818,A,T79S,-1.4,-0.9
P00818,A,E84D,-1.5,-0.2
P00818,A,I87V,-1.8,-0.1
P00818,A,L90A,-1.7,-0.3
P00818,A,F95L,-4.3,-1.9
P00918,A,W5F,-2.5,-0.8
P00918,A,W16F,-6.3,-2.3
P00918,A,D52A,-1.103333333,0.1
P00918,A,D52G,-2.0133333330000003,-0.4
P00918,A,S56C,-0.5,0.4
P00918,A,L60C,-0.1,-0.9
P00918,A,V68C,-1.2,-1.9
P00918,A,H94Y,-1.17,0.3
P00918,A,H107A,-8.3,-2.6
P00918,A,H107F,-8.6,-0.7
P00918,A,H107N,-5.4,-2.5
P00918,A,H107Y,-9.2,0.4
P00918,A,E117A,-4.7,-0.1
P00918,A,W123C,-0.0,-1.8
P00918,A,G144R,-0.36,0.2
P00918,A,C205S,0.1,-0.2
P00918,A,I255C,-0.3,-2.1
P00929,A,A18G,-1.5,-1.7
P00929,A,A18V,0.2,0.6
P00929,A,F22I,-4.58,-1.1
P00929,A,F22L,-1.05,-1.1
P00929,A,F22V,-3.44,-1.5
P00929,A,P28A,-2.5,-1.2
P00929,A,P28G,-1.6,-1.9
P00929,A,E49A,-0.3,0.7
P00929,A,E49C,2.2,0.5
P00929,A,E49D,-0.3,-0.6
P00929,A,E49F,2.4,2.2
P00929,A,E49G,-1.7,-1.4
P00929,A,E49H,1.3,0.6
P00929,A,E49I,8.0,2.4
P00929,A,E49K,-0.9,-0.3
P00929,A,E49L,6.2,2.5
P00929,A,E49M,0.7,1.5
P00929,A,E49N,-0.6,-0.4
P00929,A,E49P,-0.6,-0.4
P00929,A,E49Q,-2.4,0.7
P00929,A,E49S,-1.3,-0.4
P00929,A,E49T,-0.0,0.4
P00929,A,E49V,0.9,2.2
P00929,A,E49W,1.1,2.0
P00929,A,E49Y,-0.4,2.0
P00929,A,L50N,-6.28,-5.2
P00929,A,P57A,-0.5,-1.6
P00929,A,P62A,-0.7,-0.5
P00929,A,C81N,-2.42,-1.4
P00929,A,P96A,-1.6,-1.1
P00929,A,L99N,-4.15,-5.8
P00929,A,P132A,-0.9,-0.9
P00929,A,P132G,-0.6,-1.5
P00929,A,F139W,-0.7,-0.4
P00929,A,Y175Q,-2.1,-4.4
P00929,A,L176N,-7.41,-4.4
P00929,A,P207A,-1.8,-0.9
P00929,A,L209V,-0.8,0.0
P00929,A,G211D,-0.3,-2.0
P00929,A,G211E,2.4,-2.0
P00929,A,G211R,-2.8,-0.8
P00929,A,G211S,0.2,-1.0
P00929,A,G211V,-0.3,0.4
P00929,A,G211W,-1.6,0.8
P00929,A,I232V,-0.7,-0.3
P00929,A,G234D,1.4,-1.8
P00929,A,G234K,0.5,-1.6
P00929,A,F258W,-1.4,-0.8
P00940,A,Q179A,0.1,-0.3
P00940,A,K193A,1.0,0.3
P01006,A,V44A,-6.78,-1.2
P01006,A,V44F,-5.69,-0.2
P01006,A,V44G,-10.3,-2.2
P01006,A,V44I,-0.84,-0.1
P01006,A,V44L,-2.21,-0.2
P01006,A,V44M,-5.92,-0.5
P01006,A,D83C,-0.478,1.4
P01006,A,D83N,-0.98,0.4
P01006,A,M104A,0.54,-0.2
P01006,A,M104D,1.08,-0.2
P01006,A,M104E,0.35,-0.2
P01006,A,M104G,-0.21,-0.3
P01006,A,M104I,-0.73,-0.1
P01006,A,M104K,1.27,-0.2
P01006,A,M104L,-0.13,-0.0
P01006,A,M104V,-0.46,-0.1
P01006,A,M134A,-1.35,-2.2
P01006,A,M134G,-6.82,-3.8
P01006,A,M134I,-2.01,0.6
P01006,A,M134L,0.77,0.3
P01006,A,M134V,-1.35,-0.0
P01857,A,Q230A,-1.1,-0.0
P01857,A,Y232A,-0.7,-0.7
P01857,A,T233A,-0.1,-0.1
P01857,A,L234A,-1.3,-0.6
P01857,A,T249A,-2.3,-0.1
P01857,A,L251A,-2.2,-1.1
P01857,A,K253A,-1.1,0.3
P01857,A,K275A,-0.4,0.0
P01857,A,T277A,-0.6,-0.2
P01857,A,P278A,-3.2,0.1
P01857,A,V280A,-0.6,-0.4
P01857,A,L281A,-0.1,-0.3
P01857,A,D282A,-0.7,0.0
P01857,A,F288A,-2.5,-0.8
P01857,A,Y290A,-2.1,-0.6
P01857,A,K292A,-2.4,0.4
P01051,A,V14A,-1.04,-1.7
P01051,A,V18A,-1.2,-0.9
P01051,A,L27A,-0.16,-0.2
P01051,A,V54A,-1.58,-3.2
P01051,A,V62A,-1.01,-2.2
P02185,A,E5A,-0.7,0.1
P02185,A,W8F,-0.9,0.1
P02185,A,Q9A,1.07,0.0
P02185,A,Q9G,-0.63,-0.6
P02185,A,L10A,-0.4,-1.3
P02185,A,L12A,-0.5,-0.9
P02185,A,V14A,-0.1,-1.2
P02185,A,W15F,-1.1,-1.1
P02185,A,A16L,0.2,0.3
P02185,A,E19A,-0.7,0.3
P02185,A,G24A,-1.1,0.9
P02185,A,H25V,-0.54,1.8
P02185,A,I29A,-1.3,-2.5
P02185,A,I29L,-0.6,-0.1
P02185,A,I29M,-0.6,-0.8
P02185,A,I29V,-0.0,-0.4
P02185,A,L30A,-2.4,-2.7
P02185,A,L30I,-1.1,-0.3
P02185,A,L30M,0.1,-0.9
P02185,A,L30V,-1.7,-0.7
P02185,A,I31A,-1.9,-1.5
P02185,A,L33A,-2.04,-3.5
P02185,A,H37Q,-0.8,-0.8
P02185,A,D45A,-0.15,0.3
P02185,A,H49Q,-0.51,-0.1
P02185,A,L50I,-0.8,0.0
P02185,A,T52A,-1.4,-0.2
P02185,A,K57A,-0.25,0.0
P02185,A,D61A,-0.1,0.1
P02185,A,H65Q,-0.35,-0.5
P02185,A,G66A,-0.1,1.1
P02185,A,V67A,0.8,-0.7
P02185,A,T68A,-0.3,0.0
P02185,A,V69T,-0.6,-1.7
P02185,A,L70A,-1.2,-2.3
P02185,A,L70I,-0.0,-0.1
P02185,A,L70M,-0.0,-0.4
P02185,A,L70V,-0.1,-0.3
P02185,A,K78A,-0.05,0.5
P02185,A,H82Q,-0.0,-0.1
P02185,A,H83Q,0.15,-0.3
P02185,A,P89A,0.6,0.3
P02185,A,H94G,0.05,-2.7
P02185,A,H98Q,0.02,-0.3
P02185,A,F107A,-0.2,-1.4
P02185,A,E110A,0.36,0.3
P02185,A,E110G,-0.96,-0.4
P02185,A,I112A,-1.8,-2.8
P02185,A,I112L,-0.6,0.6
P02185,A,I112M,-1.1,-0.8
P02185,A,H114Q,-0.36,-0.1
P02185,A,V115A,-1.4,-1.4
P02185,A,L116A,-1.0,-3.3
P02185,A,H117A,0.2,0.0
P02185,A,S118A,-0.3,0.2
P02185,A,H120F,-0.71,1.5
P02185,A,F124A,-0.3,-2.9
P02185,A,F124K,-2.1,-3.3
P02185,A,F124T,-3.5,-2.6
P02185,A,A126L,0.4,0.1
P02185,A,G130A,1.1,0.9
P02185,A,A131K,-3.7,-1.7
P02185,A,A131L,-2.3,-0.1
P02185,A,M132A,-2.2,-1.7
P02185,A,L136A,-0.8,-2.5
P02185,A,L136I,-1.5,-0.1
P02185,A,L136M,-0.8,-0.8
P02185,A,L136V,-2.2,-0.5
P02185,A,L138A,-0.1,-1.6
P02185,A,K141A,0.6,0.6
P02185,A,I143A,-1.1,-2.7
P02185,A,I143L,0.6,0.1
P02185,A,I143M,0.9,-0.3
P02185,A,I143V,-0.1,-0.6
P02185,A,A144L,0.4,0.9
P02185,A,A145L,0.1,0.3
P02185,A,L150A,-1.6,-0.2
P01236,A,H55A,0.09,-0.6
P01236,A,H58A,3.1,-1.3
P01236,A,H74A,-0.11,-0.1
P01236,A,H87A,2.26,-1.5
P01236,A,H125A,1.07,-0.7
P01236,A,H166A,2.04,-0.5
P01236,A,H201A,0.24,-0.3
P01236,A,H208A,1.39,-1.0
P01236,A,H223A,-0.03,-0.4
P01837,A,S14A,-1.434034417,-0.1
P01308,A,F25D,0.6,-0.7
P01308,A,F25H,1.0,-0.3
P01308,A,S33D,0.1,-0.3
P01308,A,H34D,1.3,-0.7
P01308,A,H34E,1.44,-0.5
P01308,A,H34T,-0.22,-0.3
P01308,A,F49D,0.6,-0.7
P01308,A,F49H,1.0,-0.3
P01308,A,Y50T,-0.3,-1.7
P01308,A,T97A,0.16,-0.2
P01308,A,T97H,1.76,0.3
P01308,A,T97R,1.25,0.1
P01053,A,K22A,-0.55,-0.4
P01053,A,K22M,-0.67,0.0
P01053,A,T23A,-0.85,-0.2
P01053,A,T23G,-1.16,-0.6
P01053,A,T23V,-0.32,0.0
P01053,A,P26A,-1.57,-0.7
P01053,A,E27A,-0.47,0.1
P01053,A,E27Q,-0.62,0.2
P01053,A,L28A,-2.64,-3.3
P01053,A,K31A,0.42,0.3
P01053,A,S32A,-0.89,-0.1
P01053,A,S32G,-0.8,-0.8
P01053,A,E34A,0.6,0.0
P01053,A,E34D,-0.52,-0.1
P01053,A,E34N,-0.7,0.0
P01053,A,E34Q,-0.29,0.2
P01053,A,E35D,-0.74,-0.2
P01053,A,E35N,-1.07,-0.1
P01053,A,E35Q,-0.47,0.3
P01053,A,A36G,-1.09,-2.3
P01053,A,K37A,-0.49,0.4
P01053,A,K37G,-2.32,-0.6
P01053,A,K38A,0.21,0.3
P01053,A,K38G,-0.99,-0.2
P01053,A,V39A,-0.46,-1.2
P01053,A,I40L,-1.96,-1.3
P01053,A,I40V,-1.27,-1.1
P01053,A,L41A,-1.33,-0.8
P01053,A,L41G,-1.38,-1.5
P01053,A,Q42A,-0.02,-0.2
P01053,A,Q42G,-0.6,-0.4
P01053,A,D43A,-0.96,-0.6
P01053,A,K44A,-0.65,-0.4
P01053,A,K44G,-3.19,-1.0
P01053,A,P45A,-1.76,-0.4
P01053,A,E46A,-0.32,-0.0
P01053,A,E46Q,-0.6,0.2
P01053,A,Q48M,0.3,0.3
P01053,A,I49A,-3.84,-1.7
P01053,A,I49G,-3.5,-3.4
P01053,A,I49T,-1.2,-1.9
P01053,A,I49V,-1.09,0.1
P01053,A,I50A,-2.12,-1.2
P01053,A,I50G,-3.52,-2.4
P01053,A,I50T,-1.34,-1.3
P01053,A,I50V,0.08,-0.0
P01053,A,L52A,-2.37,-2.2
P01053,A,L52I,-0.26,0.1
P01053,A,L52V,-0.5,-0.1
P01053,A,P53A,-0.17,-0.1
P01053,A,V54A,-0.64,-0.5
P01053,A,V54G,-2.43,-1.3
P01053,A,V54T,-1.03,-0.4
P01053,A,T56A,0.23,-0.2
P01053,A,T56S,-0.02,-0.3
P01053,A,T56V,-0.76,0.3
P01053,A,I57A,-0.03,-0.1
P01053,A,V58A,-1.47,-1.5
P01053,A,T59A,-0.69,-0.5
P01053,A,T59D,0.04,-0.9
P01053,A,E61A,-0.68,-0.3
P01053,A,R63A,-0.58,-0.9
P01053,A,D65A,-0.8,-0.5
P01053,A,V67A,-4.88,-3.3
P01053,A,R68A,-1.21,-0.6
P01053,A,L69A,-3.82,-3.1
P01053,A,F70A,-3.84,-2.6
P01053,A,F70L,-2.11,-0.9
P01053,A,F70V,-2.39,-1.2
P01053,A,V71A,-1.95,-2.5
P01053,A,D72A,-3.41,-0.4
P01053,A,K73N,-0.0,0.0
P01053,A,D75N,-0.0,0.2
P01053,A,N76A,-0.83,0.3
P01053,A,N76D,-1.21,-0.4
P01053,A,I77A,-4.25,-2.8
P01053,A,I77V,0.21,0.4
P01053,A,A78G,-1.88,-1.2
P01053,A,V80A,-1.51,-1.1
P01053,A,V80G,-3.24,-2.0
P01053,A,V80T,-0.38,-0.9
P01053,A,P81A,-3.34,-1.0
P01053,A,R82A,-0.6,-0.2
P01053,A,V83A,-1.45,-1.5
P01053,A,V83G,-3.5,-2.4
P01053,A,V83T,-1.15,-1.2
P01593,A,Y71F,1.290630975,-0.1
P01584,A,R120P,-0.4,-0.3
P01584,A,R120Q,-1.0,-0.1
P01584,A,L122A,-3.1,-0.9
P01584,A,N123D,0.43,-0.3
P01584,A,N123G,-2.6,-0.8
P01584,A,C124A,-2.52,-1.0
P01584,A,C124S,-4.8,-1.7
P01584,A,T125A,-0.8,-0.2
P01584,A,T125G,-2.6,-1.4
P01584,A,T125L,-0.7,0.8
P01584,A,T125Q,-1.9,-0.2
P01584,A,L126A,-5.1,-2.7
P01584,A,K213G,-1.2,-0.6
P01584,A,K213R,-0.5,0.6
P01584,A,K213V,0.8,0.8
P01241,A,S97A,-1.0,-0.1
P01241,A,S97Q,-1.3,0.0
P01241,A,S97T,0.3,0.1
P01241,A,S97V,-1.2,0.0
P01241,A,E100A,-0.5,0.1
P01241,A,E100D,-0.6,-0.2
P01241,A,E100L,-0.8,0.7
P01241,A,E100Q,-0.2,0.2
P01241,A,E100S,-0.9,-0.2
P01241,A,E100T,-0.6,0.1
P02417,A,M1A,-1.46,-1.5
P02417,A,M1G,-2.36,-2.4
P02417,A,V3A,-2.55,-3.5
P02417,A,V3I,-0.31,-0.3
P02417,A,V3L,-2.21,-1.0
P02417,A,I4A,-2.22,-3.8
P02417,A,I4V,-0.59,-1.0
P02417,A,F5L,-1.15,1.3
P02417,A,F5V,-3.99,-0.5
P02417,A,L6A,-3.1,-1.3
P02417,A,L6I,-0.13,-0.3
P02417,A,L6V,-0.41,-0.5
P02417,A,K7M,0.35,0.4
P02417,A,D8A,-1.3,-0.3
P02417,A,D8N,-0.3,-0.0
P02417,A,V9A,-1.81,-2.3
P02417,A,K10E,0.13,0.0
P02417,A,K10M,0.05,0.1
P02417,A,K12A,0.61,0.3
P02417,A,K12G,0.03,-0.3
P02417,A,K12M,0.98,1.2
P02417,A,K14A,-0.73,-0.0
P02417,A,K14G,-1.3,-0.4
P02417,A,K14M,0.01,0.3
P02417,A,K15G,-1.74,-0.5
P02417,A,K15M,-0.31,0.2
P02417,A,E17A,-1.69,-0.2
P02417,A,E17Q,-0.21,0.1
P02417,A,I18A,-2.05,-1.6
P02417,A,I18V,-0.07,-0.2
P02417,A,V21A,-2.33,-2.7
P02417,A,V21I,-0.4,-0.7
P02417,A,V21L,-1.23,-1.3
P02417,A,A22G,-0.32,-0.5
P02417,A,D23A,-0.46,-0.1
P02417,A,D23N,-0.72,-0.0
P02417,A,G24A,0.02,-0.6
P02417,A,A26G,-1.79,-1.7
P02417,A,L30A,-2.76,-4.2
P02417,A,L30V,-3.62,-1.9
P02417,A,F31A,-2.84,-2.0
P02417,A,G34A,-1.02,0.1
P02417,A,L35A,-1.21,-2.5
P02417,A,A36G,-1.55,-2.5
P02417,A,I37A,-1.28,-1.6
P02417,A,I37V,0.09,-0.0
P02417,A,E38A,-0.41,0.5
P02417,A,E38Q,-0.56,0.5
P02417,A,A39G,-1.59,-1.9
P02417,A,T40S,-0.8,-0.8
P02417,A,A42G,-0.33,-0.3
P02417,A,L44A,-1.73,-1.5
P02417,A,A46G,-0.55,-0.6
P02417,A,L47A,-0.84,-1.8
P02417,A,E48Q,0.03,0.1
P02417,A,A49G,-0.22,-0.6
P02417,A,E54Q,0.33,0.2
P02417,A,L72A,-3.665,-3.6
P02417,A,I79A,-3.515,-3.2
P02417,A,I93A,-3.265,-3.4
P02417,A,K96A,1.01,0.1
P02417,A,K96G,-0.515,-0.5
P02417,A,I98A,-4.5,-4.6
P02417,A,E100A,-0.935,0.3
P02417,A,E100G,-1.95,-0.5
P02417,A,L102A,-2.55,-3.6
P02417,A,H106Q,-0.76,-0.1
P02417,A,L108A,-2.44,-1.6
P02417,A,L110A,-3.165,-2.1
P02417,A,I115A,-3.635,-3.4
P02417,A,L117A,-0.6,-2.3
P02417,A,I121A,-3.075,-3.7
P02417,A,V129A,-1.73,-3.0
P02417,A,V131A,-1.665,-3.1
P02417,A,L133A,-2.945,-3.0
P02417,A,H134Q,-0.34,-0.6
P02417,A,V137A,-2.195,-2.1
P02417,A,L141A,-3.525,-2.9
P02417,A,V143A,-3.285,-3.2
P02417,A,H144Q,-0.56,-0.0
P02417,A,V145A,-1.925,-3.2
P02625,A,A21P,0.5,-0.0
P02625,A,A22P,-1.92,-0.1
P02625,A,H27P,1.25,-1.0
P02625,A,K81S,-0.29,-0.0
P02689,A,P39G,-5.38,-1.8
P02689,A,I43N,-7.63,-4.3
P02689,A,T51P,-1.51,-1.2
P02689,A,I52T,-5.17,-2.7
P02689,A,F58A,-1.91,-1.5
P02631,A,P22A,-0.7,0.1
P02631,A,P27A,-0.7,0.4
P02693,A,W7Y,-0.93,-1.0
P02693,A,I24C,0.9,-1.8
P02693,A,S53C,0.6,-0.0
P02693,A,V61C,0.8,-1.2
P02693,A,V61N,-0.9,-1.8
P02693,A,L65A,-2.1,-2.7
P02693,A,L65G,-2.6,-3.9
P02693,A,G66A,-1.3,-0.3
P02693,A,F69A,1.38,-2.9
P02693,A,L73C,-0.1,-0.7
P02693,A,W83Y,0.09,0.1
P02693,A,L90C,-0.6,-2.9
P02693,A,F94A,-2.42,-1.3
P02693,A,A105C,2.5,0.2
P02945,A,S48A,-0.3,0.0
P02945,A,D49A,-0.9,0.1
P02945,A,P50A,-0.2,-0.0
P02945,A,D51A,-0.5,-0.0
P02945,A,K53A,-0.3,-0.1
P02945,A,K54A,-1.6,0.4
P02945,A,F55A,-1.6,-2.2
P02945,A,Y56A,-1.3,-1.8
P02945,A,I58A,-1.9,-2.4
P02945,A,T59A,-2.2,0.3
P02945,A,T60A,-1.0,0.4
P02945,A,L61A,-0.1,-1.1
P02945,A,V62A,0.7,-2.4
P02945,A,P63A,0.1,1.1
P02945,A,I65A,-1.4,-2.3
P02945,A,F67A,-1.0,-0.7
P02945,A,T68A,-0.1,-0.1
P02945,A,M69A,1.4,-0.4
P02945,A,Y70A,-3.7,-3.6
P02945,A,L71A,0.3,-1.2
P02945,A,S72A,0.1,0.8
P02945,A,M73A,-0.8,-2.4
P02945,A,L74A,0.7,-0.3
P02945,A,L75A,0.5,-0.4
P02753,A,W42F,-2.5,-3.2
P02753,A,W42L,-2.6,-4.3
P02753,A,W42Y,-2.2,-2.7
P02753,A,W109H,-0.1,-0.5
P02753,A,W123F,-0.4,-0.7
P02753,A,R139Q,-2.6,-0.1
P02633,A,L10V,-2.2,-0.6
P02633,A,F14A,-4.83,-4.9
P02633,A,Y17F,-1.19,-0.9
P02633,A,E21Q,0.38,0.0
P02633,A,D23N,0.74,0.0
P02633,A,P24G,-1.19,-0.3
P02633,A,L27A,-3.73,-3.7
P02633,A,L27G,-4.28,-5.1
P02633,A,E30Q,0.09,0.1
P02633,A,L32A,-2.7,-3.6
P02633,A,V65A,-3.78,-2.7
P02633,A,V65G,-4.35,-4.4
P02633,A,F70A,-4.97,-4.9
P02633,A,F70W,-2.34,-1.9
P02633,A,V74L,-1.19,-0.0
P02633,A,I77V,-1.53,-0.2
P02925,A,A52T,-3.3,-0.1
P02925,A,L62C,-2.7,-1.2
P02925,A,V75E,-3.5,-3.0
P02647,A,Y42P,-1.9,-1.4
P02647,A,L165R,-0.3,-1.1
P02647,A,L254P,0.0,-0.6
P02754,A,W35Y,-6.91,-2.6
P03962,A,S154A,-5.8,-0.4
P03962,A,Q215A,-2.2,-0.5
P03962,A,Y217F,-2.4,-0.3
P03962,A,R235A,-5.6,-0.7
P03051,A,D30A,0.3,-0.4
P03051,A,D30C,0.8,-0.5
P03051,A,D30E,1.0,-0.3
P03051,A,D30F,-0.1,0.1
P03051,A,D30G,2.0,-0.7
P03051,A,D30H,0.9,0.1
P03051,A,D30I,-0.8,0.0
P03051,A,D30K,0.9,-0.2
P03051,A,D30L,-0.1,-0.0
P03051,A,D30M,0.6,-0.1
P03051,A,D30N,0.8,0.0
P03051,A,D30P,-1.6,-0.6
P03051,A,D30Q,1.8,-0.1
P03051,A,D30R,0.8,0.2
P03051,A,D30S,1.0,-0.3
P03051,A,D30T,-0.4,-0.2
P03051,A,D30V,-0.4,-0.1
P03051,A,D30W,-0.4,0.1
P03051,A,D30Y,0.2,0.2
P03051,A,L41A,-6.12,-3.3
P03051,A,L41V,-2.53,-1.8
P03069,A,K256A,-0.39,-0.5
P03069,A,E259Q,-0.74,0.2
P03069,A,K263A,-0.41,-0.1
P03069,A,E268Q,0.2,0.2
P03069,A,E270Q,-1.83,0.3
P03069,A,R273A,-1.66,-0.2
P03069,A,K275A,-0.91,-0.0
P03069,A,K276A,-0.06,0.3
P03023,A,K84L,-0.2,1.1
P03958,A,W117F,2.96,-0.0
P03958,A,W161F,8.7,-0.3
P03958,A,W264F,8.64,-0.0
P03958,A,W272F,1.25,0.1
P04156,A,P105L,-0.2,-0.3
P04156,A,D178N,-0.38,0.1
P04156,A,V203I,0.06,0.0
P04156,A,V209M,2.700764818,-1.0
P04156,A,Q212P,-1.23,-0.4
P04080,A,P36G,-1.362332696,-0.1
P04080,A,H75W,0.573613767,0.1
P04080,A,P79S,1.744741874,-0.0
P04273,A,F175W,-0.4780114720000001,-1.6
P04273,A,F198W,-0.717017208,-0.3
P04168,A,Y12F,-2.3,-0.9
P04166,A,R31H,1.4,0.8
P04166,A,D76R,0.1,0.3
P04166,A,P81A,-1.1,-0.0
P04166,A,P97A,-0.7,0.1
P04925,A,M128V,-0.33,-0.2
P04925,A,F174W,-0.1,-1.5
P04925,A,V179I,-0.5,0.1
P04925,A,T182A,-4.62,-1.3
P04925,A,T189V,-0.17,-0.1
P04925,A,T190V,-0.17,-0.1
P04925,A,F197S,-2.46,-1.0
P04925,A,E199K,-0.14,0.0
P04925,A,R207H,-1.44,-0.1
P04925,A,V209I,-0.26,0.1
P04925,A,Q216R,-2.13,0.1
P04179,A,Y58F,12.7,-1.0
P04179,A,I82T,-2.7,-0.6
P04179,A,Q143N,1.4,-0.0
P04179,A,Q167N,2.79,-0.5
P04164,A,M69A,5.0,-2.5
P04164,A,M69H,-0.7,-2.2
P06709,A,E140A,-0.2,-0.0
P06709,A,G142A,-2.95,0.8
P06709,A,P143A,-0.3,0.1
P06709,A,T195A,-0.4,-0.0
P06709,A,G196A,0.4,0.0
P06709,A,D197A,-0.3,0.2
P06709,A,I280A,-0.3,-0.8
P06709,A,G281A,-0.2,0.1
P06709,A,K283A,-0.3,0.0
P04271,A,L4A,-1.19,-0.8
P04271,A,L4S,-2.77,-0.8
P04271,A,M8A,-5.26,-0.9
P04271,A,I12A,-4.13,-1.9
P04271,A,F15A,-7.53,-5.0
P05230,A,C31A,0.7,-1.0
P05230,A,C31S,-2.89,-1.5
P05230,A,C31T,0.6,-0.8
P05230,A,C31V,-0.74,0.3
P05230,A,H36Y,1.01,1.8
P05230,A,V46I,-1.0,0.0
P05230,A,V46W,0.96,-1.3
P05230,A,L59F,0.87,-0.9
P05230,A,L59P,0.69,-4.4
P05230,A,L59W,0.81,-1.5
P05230,A,G77A,-1.43,0.2
P05230,A,G77N,-0.79,0.2
P05230,A,L88V,-1.46,-1.3
P05230,A,C98A,-1.14,-3.8
P05230,A,C98S,-1.31,-4.2
P05230,A,C98T,-1.21,-3.5
P05230,A,C98V,-2.6,-2.4
P05230,A,F100W,-0.1,-1.9
P05230,A,H108A,-0.43,-0.3
P05230,A,H108G,1.31,-0.4
P05230,A,H108N,0.29,-0.2
P05230,A,H117Y,0.44,1.5
P05230,A,A118G,-0.41,-0.3
P05230,A,N121G,0.38,-0.1
P05230,A,F123Y,0.94,0.1
P05230,A,V124I,0.06,0.1
P05230,A,V124L,-0.57,-0.0
P05230,A,C132A,0.34,0.2
P05230,A,C132I,0.36,1.0
P05230,A,C132S,-0.93,0.0
P05230,A,C132T,-0.35,0.4
P05230,A,C132V,-0.3,0.9
P05230,A,F147W,-0.38,-1.7
P05798,A,V2T,-0.9,-0.4
P05798,A,S3A,-0.3,0.1
P05798,A,T5V,-0.0,0.2
P05798,A,L8A,-1.34,-1.2
P05798,A,S9A,-1.3,0.1
P05798,A,L11A,-3.08,-2.2
P05798,A,T16V,0.3,0.3
P05798,A,D17K,-1.1,-0.1
P05798,A,T18V,-1.4,0.4
P05798,A,L19A,-3.65,-2.2
P05798,A,L19K,-3.4,-2.8
P05798,A,N20A,0.0,0.3
P05798,A,L21A,-0.41,-1.5
P05798,A,I22K,-3.4,-3.1
P05798,A,I22V,-1.48,-0.9
P05798,A,A23K,0.3,-0.1
P05798,A,S24A,-0.2,0.1
P05798,A,D25H,0.9,0.1
P05798,A,D25K,-0.9,-0.0
P05798,A,Y30F,0.4,-0.7
P05798,A,S31A,0.4,-0.0
P05798,A,D33A,-6.2,-1.1
P05798,A,V36T,-1.3,-0.8
P05798,A,Q38A,1.0,-0.1
P05798,A,N39A,-2.2,-1.5
P05798,A,N39D,-1.5,-0.8
P05798,A,N39S,-2.3,-1.0
P05798,A,R40E,0.3,-0.5
P05798,A,E41K,-1.2,-0.6
P05798,A,S42A,0.1,0.0
P05798,A,V43T,-0.5,-0.9
P05798,A,S48A,0.5,-0.1
P05798,A,Y49F,-0.2,-0.1
P05798,A,Y51F,-2.3,-0.8
P05798,A,Y52F,-3.6,-1.3
P05798,A,E54Q,-1.7,-0.0
P05798,A,Y55F,-0.6,-0.8
P05798,A,T56V,-1.9,-0.3
P05798,A,V57T,-4.4,-2.5
P05798,A,I58V,0.0,-0.1
P05798,A,T59V,-1.7,-0.2
P05798,A,R65A,-1.0,-2.2
P05798,A,T67V,-0.0,-0.2
P05798,A,I70V,-0.94,-1.2
P05798,A,I71V,-0.13,0.3
P05798,A,T72V,-0.2,0.9
P05798,A,E74K,1.1,0.0
P05798,A,D79A,2.8,1.2
P05798,A,D79E,-0.3,0.3
P05798,A,D79F,3.0,3.0
P05798,A,D79H,1.8,1.4
P05798,A,D79I,2.9,3.1
P05798,A,D79K,2.3,0.6
P05798,A,D79L,2.7,2.8
P05798,A,D79N,1.8,0.4
P05798,A,D79R,2.7,1.5
P05798,A,D79W,2.3,2.9
P05798,A,D79Y,2.9,2.8
P05798,A,Y80F,-1.5,-0.3
P05798,A,Y81F,-1.2,-0.6
P05798,A,T82V,-1.7,-0.8
P05798,A,H85Q,-0.0,-1.0
P05798,A,Y86F,-0.3,-1.6
P05798,A,S90A,0.2,0.4
P05798,A,L91A,-0.84,-1.1
P05798,A,I92V,-1.0,-0.6
P05798,A,Q94K,0.3,-0.2
P05798,A,T95A,-0.6,-0.0
P05413,A,F5S,-3.7,-4.3
P05413,A,W9E,-3.8,-5.1
P05413,A,F17S,-4.0,-3.0
P05413,A,F17Y,-3.44,-0.2
P05413,A,K22I,-0.0,0.6
P05413,A,T40E,-2.4,-0.7
P05413,A,T40Q,-2.7,-0.4
P05413,A,T40V,-0.8,0.5
P05413,A,T41E,-3.27,-1.2
P05413,A,T41Q,-4.37,-0.5
P05413,A,T41V,-1.84,1.5
P05413,A,F58S,-3.63,-1.6
P05413,A,F65S,-3.8,-4.7
P05413,A,L67G,-3.7,-2.9
P05413,A,G68S,-1.2,-0.4
P05413,A,E73S,-3.7,-0.3
P05413,A,R107T,-3.54,-1.0
P05413,A,R127K,-4.66,-1.1
P05413,A,R127Q,-0.62,-0.6
P05413,A,Y129F,-3.82,-0.1
P08463,A,P7A,-0.2,-0.2
P08463,A,P20A,-0.3,0.1
P08463,A,S28A,-0.34,-0.4
P08463,A,S28G,0.89,-1.0
P08463,A,P29A,0.23,-0.1
P08463,A,P44A,-3.04,-1.4
P08463,A,P52A,-2.57,-1.7
P08463,A,P58A,-0.35,-0.1
P08463,A,V89A,-0.24,-0.1
P08463,A,V89G,0.81,-0.4
P08463,A,P90A,1.19,-0.7
P08463,A,P90G,1.33,-0.9
P08463,A,P92A,0.07,-1.3
P08463,A,P92G,0.07,-2.3
P07845,A,A8D,1.6,-0.3
P07107,A,F6A,-2.52,-4.4
P07107,A,A9G,-1.9,-2.1
P07107,A,A10G,-1.81,-1.4
P07107,A,V13A,-1.69,-1.9
P07107,A,L16A,-3.1,-1.9
P07107,A,P20A,-1.07,-0.5
P07107,A,D22A,0.42,-0.0
P07107,A,D22H,-0.56,0.3
P07107,A,L26A,-1.02,-2.5
P07107,A,F27A,-1.53,-1.1
P07107,A,Y29A,-2.47,-2.8
P07107,A,Y29F,-1.06,-0.5
P07107,A,Y29N,-2.23,-3.2
P07107,A,Y32N,-1.52,-2.5
P07107,A,K33A,-1.02,-0.1
P07107,A,K33E,-1.68,-0.5
P07107,A,K33R,-1.83,0.7
P07107,A,Q34A,-3.66,-1.2
P07107,A,A35G,-1.57,-1.7
P07107,A,T36A,-1.09,-0.8
P07107,A,I40A,-1.06,-1.0
P07107,A,P45A,-1.4,-1.5
P07107,A,K53M,0.18,0.8
P07107,A,K55A,-0.86,-0.3
P07107,A,K55M,0.27,0.3
P07107,A,E68A,-0.36,-0.2
P07107,A,A70G,-1.55,-2.2
P07107,A,Y74A,-4.83,-4.4
P07107,A,Y74F,0.27,-0.9
P07107,A,I75A,-1.34,-2.6
P07107,A,V78A,-1.14,-2.4
P07107,A,L81A,-3.7,-2.6
P07445,A,Y16F,-1.8,0.0
P07445,A,Y16S,11.9,-4.0
P07445,A,Y32F,0.2,0.4
P07445,A,Y32S,13.7,-4.1
P07445,A,Y57F,-1.2,0.2
P07445,A,Y57S,9.5,-3.5
P07445,A,W92A,-3.1,-0.5
P07445,A,V101L,-1.7,0.1
P07740,A,A81H,-2.7,0.7
P07740,A,H82A,-2.7,-0.7
P07737,A,A20T,-1.53,-1.1
P08877,A,S46D,0.74,-0.7
P08877,A,G49A,0.8,1.1
P08877,A,G49E,1.4,-0.5
P08877,A,G49K,-1.0,-0.5
P07311,A,A29E,0.406038,0.0
P07311,A,G31A,1.7435759999999998,2.1
P07320,A,D9E,-0.043021033,-0.0
P07320,A,M44A,-0.7,-1.3
P07320,A,Q55A,-0.2,-0.2
P07320,A,F57A,-1.6,-1.8
P07320,A,R80A,-1.0,-0.6
P07320,A,I82A,-2.4,-1.9
P07320,A,S130H,-1.5,0.5
P07320,A,S130P,-0.3,-0.0
P07320,A,S130T,-1.2,0.5
P07320,A,V132A,-2.7,-2.0
P07320,A,Q143A,-0.5,-0.2
P07320,A,L145A,-1.2,-1.7
P07320,A,M147A,-1.1,-0.4
P07320,A,V170A,1.3,-1.6
P07739,A,H81A,-3.2,-0.9
P07739,A,H82A,-2.8,-0.6
P07170,A,V10I,-1.19,0.2
P07170,A,Q50E,-1.0,-0.1
P07170,A,T79H,-2.15,0.0
P07170,A,T112H,-2.1,-0.0
P07170,A,N171D,-2.15,-0.2
P07170,A,I215F,-1.91,-0.9
P09012,A,Y13F,-0.7,-0.0
P09012,A,Y13T,-1.3,-2.0
P09012,A,Y31F,-0.0,-0.0
P09012,A,Y31S,-2.3,-0.8
P09012,A,G53A,-3.2,-0.4
P09012,A,G53V,0.2,-0.2
P09012,A,Q54E,0.3,-0.4
P09012,A,Q54N,-0.6,-0.5
P09012,A,F56W,1.1,-1.0
P09012,A,F56Y,0.2,-0.8
P09012,A,Y78D,-5.1,-1.4
P09012,A,Y78F,-0.0,-0.1
P09012,A,Y86F,-2.6,0.1
P09012,A,Y86T,-2.9,-1.8
P0A6R3,A,P61A,-0.5,0.3
P08921,A,L38V,2.2,-1.1
P08921,A,I40V,1.17,-0.0
P08921,A,V52A,4.88,-2.4
P08921,A,A62G,1.71,-1.4
P08921,A,L72V,-0.37,-0.0
P08921,A,I79V,0.43,-0.3
P08921,A,Y98F,1.49,-0.6
P08921,A,V100A,3.01,-1.4
P08921,A,L111V,0.14,0.0
P08921,A,L117V,0.75,-0.8
P0A3H0,A,A27S,-1.19,-0.6
P0A3H0,A,S31T,0.41,0.4
P0A3H0,A,V42I,-0.82,-0.2
P0A3H0,A,A56S,-0.13,0.0
P0A3H0,A,M69I,-0.0,0.4
P0A6F9,A,I3C,-0.4,-1.6
P0A6F9,A,I3W,-0.4,-0.8
P0A6F9,A,I48W,-0.2,0.2
P0A6F9,A,V95C,-0.3,-1.2
P0A3C7,A,R43A,-2.4,-0.4
P0A3C7,A,R43H,-1.4,-0.1
P0A3C7,A,T49A,0.1,-0.4
P0A3C7,A,F66A,-1.0,-0.9
P0A3C7,A,F66I,-0.9,-0.1
P0A3C7,A,F66W,-0.6,-0.1
P0A3C7,A,F66Y,-0.5,0.0
P0A3C7,A,E95D,-1.1,-0.1
P0A3C7,A,E95K,-0.4,-0.1
P0A3C7,A,E95Q,0.6,0.1
P0A2D5,A,V10T,-4.0,-2.9
P0A2D5,A,V11T,-3.2,-2.4
P0A2D5,A,D12A,2.5,0.3
P0A2D5,A,D13A,2.7,0.0
P0A2D5,A,F14A,0.8,-0.3
P0A2D5,A,V21T,-0.2,-1.8
P0A2D5,A,N23G,-0.0,-0.4
P0A2D5,A,V33T,-1.5,-1.6
P0A2D5,A,A36G,-3.1,-1.6
P0A2D5,A,D38A,-1.9,0.4
P0A2D5,A,D38G,-1.0,-0.6
P0A2D5,A,V40T,-0.8,-0.2
P0A2D5,A,A42G,-2.3,-1.6
P0A2D5,A,I55V,-1.5,-0.6
P0A2D5,A,D57A,3.4,0.5
P0A2D5,A,P61G,-0.6,-0.5
P0A2D5,A,D64A,-1.0,0.2
P0A2D5,A,I72V,-1.5,-0.5
P0A2D5,A,A74G,-0.3,-0.2
P0A2D5,A,V83T,-3.5,-2.8
P0A2D5,A,A97G,-1.4,-1.1
P0A2D5,A,A98G,-1.3,-1.6
P0A2D5,A,A99G,-0.5,-0.5
P0A2D5,A,A101G,-1.0,-1.2
P0A2D5,A,A103G,-1.7,-1.3
P0A2D5,A,V108T,-1.0,-0.6
P0A2D5,A,T112A,-1.5,-0.2
P0A2D5,A,T112G,-1.0,-0.5
P0A2D5,A,A113G,-1.3,-0.7
P0A2D5,A,A114G,-0.8,-0.4
P0A2D5,A,I123V,-0.8,-0.2
P09919,A,G56A,3.1,0.6
P09919,A,G58A,2.7,1.2
P09919,A,E63A,0.3,-0.0
P09919,A,E79A,-0.3,0.0
P09919,A,L83E,-0.2,-2.9
P09919,A,G106A,1.4,0.7
P09919,A,G114A,-1.7,-0.5
P09919,A,G120A,-1.9,0.9
P09919,A,G182A,2.3,1.5
P09919,A,G183A,2.9,1.5
P09850,A,V126C,1.3,-1.8
P09850,A,S128C,3.0,0.0
P0A3E0,A,L7A,-3.53,-2.7
P0A3E0,A,F8L,-0.04,0.3
P0A3E0,A,V19I,0.27,0.3
P0A3E0,A,V19L,0.04,0.0
P0A3E0,A,E21K,1.6,-0.2
P0A3E0,A,I22A,-0.02,-0.9
P0A3E0,A,I22G,0.01,-2.0
P0A3E0,A,I22V,-1.7,-0.1
P0A3E0,A,I23A,-0.67,-3.2
P0A3E0,A,I23G,-0.8,-4.9
P0A3E0,A,I23V,-1.94,-0.7
P0A3E0,A,V31A,-1.9,-0.6
P0A3E0,A,V32A,-2.39,-1.8
P0A3E0,A,H35A,-0.83,-0.2
P0A3E0,A,E41K,2.21,-0.0
P0A3E0,A,D44A,0.09,0.3
P0A3E0,A,Y48F,-0.59,-0.5
P0A3E0,A,L51A,0.05,-2.9
P0A3E0,A,I52V,-1.98,-0.4
P0A3E0,A,I53V,-1.38,-0.5
P0A3E0,A,E62K,0.88,0.0
P0A3E0,A,D66K,-0.26,-0.0
P0A3E0,A,G69A,0.45,0.6
P0A3E0,A,S72A,-0.65,0.3
P0A3E0,A,E73K,1.28,-0.0
P0A3E0,A,D75K,-0.0,0.1
P0A3E0,A,D76K,1.0,0.0
P0A3E0,A,V84I,0.06,0.1
P0A3E0,A,A85G,-2.17,-2.0
P0A3E0,A,G88A,-0.09,0.9
P0A3E0,A,G88L,-0.21,1.7
P0A3E0,A,G88V,0.12,1.8
P0A3E0,A,N98A,-0.83,-0.1
P0A3E0,A,Q100A,1.72,0.1
P0A3E0,A,A102L,-0.53,0.5
P0A3E0,A,A102V,0.22,0.6
P0A3E0,A,I103V,-0.7,-0.2
P0A3E0,A,I105V,-0.67,-0.2
P0A3E0,A,E107A,0.6,0.3
P0A3E0,A,E107G,-1.02,-0.9
P0A3E0,A,E108A,0.23,0.2
P0A3E0,A,S111A,-1.03,0.3
P0A3E0,A,Q112G,0.1,-0.5
P0A3E0,A,V118A,-2.05,-1.6
P0A3E0,A,T123S,-0.37,-0.2
P0A3E0,A,D127K,1.01,-0.0
P0A3E0,A,V140A,-1.51,-0.8
P0A3E0,A,L142A,-0.1,-1.7
P0A3E0,A,L144A,-0.14,-1.4
P0A3E0,A,D151K,-0.28,-0.0
P0A3E0,A,I157V,-3.6,-0.3
P0A3E0,A,V161A,-2.46,-0.9
P0A434,A,H257L,-2.5,0.8
P0A878,A,F22L,0.7,-1.1
P0A878,A,P28A,-4.12,-1.4
P0A878,A,P28G,-1.66,-2.1
P0A878,A,I37A,-2.21,-2.5
P0A878,A,E49A,0.59,0.8
P0A878,A,E49C,0.01,0.6
P0A878,A,E49D,-0.03,-0.7
P0A878,A,E49F,-0.02,2.4
P0A878,A,E49G,0.6,-1.4
P0A878,A,E49H,0.67,0.6
P0A878,A,E49I,1.24,2.5
P0A878,A,E49K,0.39,-0.3
P0A878,A,E49L,1.04,2.7
P0A878,A,E49M,4.6,1.6
P0A878,A,E49N,0.27,-0.4
P0A878,A,E49P,0.8,-0.3
P0A878,A,E49Q,-2.5,0.8
P0A878,A,E49S,0.09,-0.4
P0A878,A,E49T,-0.26,0.5
P0A878,A,E49V,1.01,2.4
P0A878,A,E49W,-0.97,2.1
P0A878,A,E49Y,0.26,2.1
P0A878,A,L50A,-1.5,-3.6
P0A878,A,C81A,-1.576384,-0.6
P0A878,A,C81G,-2.269037,-2.1
P0A878,A,C81S,-1.409191,-1.3
P0A878,A,C81V,-0.692653,1.3
P0A878,A,P93S,-4.1,0.0
P0A878,A,I95A,-0.3,-1.8
P0A878,A,P96A,-3.3,-1.1
P0A878,A,L99A,-2.04,-3.7
P0A878,A,L100A,-3.5,-2.4
P0A878,A,Y102A,-2.8,-3.8
P0A878,A,C118A,-1.361422,-0.4
P0A878,A,C118S,-1.313653,-1.2
P0A878,A,C118V,-1.337538,0.5
P0A878,A,L127A,-0.64,-3.2
P0A878,A,F139W,-0.07,-0.4
P0A878,A,C154A,-1.027038,-0.3
P0A878,A,C154S,-1.719691,-1.7
P0A878,A,C154V,-1.122576,2.5
P0A878,A,Y175C,-0.1,-3.2
P0A878,A,L176A,-2.01,-2.4
P0A878,A,G211D,-0.25,-2.0
P0A878,A,G211E,-0.2,-2.0
P0A878,A,G211R,-0.05,-0.8
P0A878,A,G211S,-0.35,-1.0
P0A878,A,G211V,0.25,0.4
P0A878,A,G211W,-0.6,0.8
P0A878,A,G234D,1.7,-1.8
P0A878,A,G234K,0.1,-1.6
P0A878,A,H244A,-4.2,-0.4
P0A878,A,F258W,0.23,-0.8
P0A7Y7,A,D134N,0.5,-0.1
P0A9D2,A,S11A,-1.8,0.4
P0A877,A,F22L,2.2,-1.1
P0A877,A,P28A,-2.5,-1.4
P0A877,A,P28G,-1.6,-2.1
P0A877,A,I37A,-1.41,-2.5
P0A877,A,E49A,-0.08,0.8
P0A877,A,E49C,0.01,0.6
P0A877,A,E49D,-0.8,-0.7
P0A877,A,E49F,-0.86,2.4
P0A877,A,E49G,0.08,-1.4
P0A877,A,E49H,0.33,0.6
P0A877,A,E49I,0.46,2.5
P0A877,A,E49K,0.2,-0.3
P0A877,A,E49L,0.44,2.7
P0A877,A,E49M,-0.05,1.6
P0A877,A,E49N,-0.69,-0.4
P0A877,A,E49P,-0.6,-0.3
P0A877,A,E49Q,-0.23,0.8
P0A877,A,E49S,-0.59,-0.4
P0A877,A,E49T,-0.62,0.5
P0A877,A,E49V,0.14,2.4
P0A877,A,E49W,-0.97,2.1
P0A877,A,E49Y,-0.17,2.1
P0A877,A,L50A,-0.14,-3.6
P0A877,A,P57A,-0.24,-1.6
P0A877,A,P62A,-0.69,-0.5
P0A877,A,C81A,-0.69,-0.6
P0A877,A,C81G,-1.58,-2.1
P0A877,A,C81S,-1.41,-1.3
P0A877,A,C81V,-1.32,1.3
P0A877,A,P96A,-1.6,-1.1
P0A877,A,L99A,-1.69,-3.7
P0A877,A,K109N,-0.1,0.1
P0A877,A,C118A,-1.36,-0.4
P0A877,A,C118S,-2.27,-1.2
P0A877,A,C118V,-1.34,0.5
P0A877,A,L127A,-0.73,-3.2
P0A877,A,P132A,-0.91,-0.9
P0A877,A,P132G,-0.6,-1.5
P0A877,A,F139W,-0.07,-0.4
P0A877,A,C154A,-1.03,-0.3
P0A877,A,C154S,-1.72,-1.7
P0A877,A,C154V,-1.12,2.5
P0A877,A,Y175C,-0.1,-3.2
P0A877,A,L176A,-2.88,-2.4
P0A877,A,P207A,-1.8,-1.1
P0A877,A,G211D,0.2,-2.0
P0A877,A,G211E,2.4,-2.0
P0A877,A,G211R,-0.4,-0.8
P0A877,A,G211S,-0.4,-1.0
P0A877,A,G211V,0.3,0.4
P0A877,A,G211W,-0.7,0.8
P0A877,A,G234D,1.4,-1.8
P0A877,A,G234K,0.5,-1.6
P0A877,A,F258W,0.23,-0.8
P0AA25,A,I5V,-0.693116635,-0.1
P0AA25,A,D10E,-0.167304015,0.1
P0AA25,A,D10R,-0.932122371,0.6
P0AA25,A,D27A,4.6,1.8
P0AA25,A,D27I,12.1,4.0
P0AA25,A,C33A,5.3,-3.1
P0AA25,A,P35S,-0.1,-0.1
P0AA25,A,C36A,5.9,-3.3
P0AA25,A,P41S,1.4,-0.4
P0AA25,A,T67L,7.6,1.7
P0AA25,A,P77A,-3.9,-1.5
P0AA25,A,T78C,2.1,-0.1
P0AA25,A,T78V,7.9,1.2
P0AA25,A,L79C,2.7,-2.4
P0AA25,A,L79K,-3.9,-4.4
P0AA25,A,L79R,-4.0,-3.1
P0A7Y6,A,K95G,1.9,0.0
P0A9X9,A,F18L,-1.0,-1.2
P0A9X9,A,F18S,-1.54,-2.9
P0A9X9,A,F20L,-0.31,-1.2
P0A9X9,A,F20S,-1.16,-3.8
P0A9X9,A,F31L,-0.66,-1.1
P0A9X9,A,F31S,-1.03,-3.1
P0A9X9,A,Y42W,0.2,-0.0
P0A9X9,A,S52W,-0.2,1.6
P0A9X9,A,T68W,0.7,0.4
P0A780,A,D118A,-0.65,-0.1
P0A780,A,D118E,-0.6,0.1
P0A780,A,D118K,-1.6,-0.0
P0A780,A,D118N,-1.34,0.1
P0A780,A,D118R,-1.41,0.5
P0AA04,A,F2W,0.167304015,-0.1
P0AA04,A,F29W,-1.12332696,-0.7
P0AA04,A,S31A,-0.33,0.3
P0AA04,A,S46A,-0.9,0.1
P0AA04,A,S46D,1.5,-0.8
P0AA04,A,S46N,0.5,-0.4
P0AA04,A,F48W,-0.119502868,-0.1
P0AA04,A,K49A,1.6,0.8
P0AA04,A,K49D,1.8,-0.2
P0AA04,A,K49E,1.9,-0.0
P0AA04,A,K49G,1.2,0.2
P0AA04,A,K49M,1.0,0.9
P0AA04,A,K49N,0.4,0.1
P0AA04,A,K49Q,1.5,0.3
P0AA04,A,K49R,-0.2,0.4
P0AA04,A,K49S,1.2,0.2
P0A910,A,W28A,-3.6,-0.8
P0A910,A,W36A,-2.0,-0.6
P0A910,A,Y64A,-3.8,-1.8
P0A910,A,F72A,-1.2,-0.7
P0A910,A,Y76A,-2.5,-1.2
P0A910,A,W78A,-2.0,-1.0
P0A910,A,F144A,-2.1,-0.8
P0A910,A,Y150A,-2.7,-1.6
P0A910,A,Y162A,-3.3,-1.2
P0A910,A,W164A,-3.1,-1.1
P0A910,A,Y189A,-0.2,-1.4
P0A910,A,F191A,-2.4,-1.5
P0A7Y4,A,D10A,3.3,-0.9
P0A7Y4,A,D10E,1.0,-0.7
P0A7Y4,A,D10H,2.4,-0.2
P0A7Y4,A,D10N,2.0,-0.3
P0A7Y4,A,D10S,2.7,-0.6
P0A7Y4,A,G23A,0.7,1.0
P0A7Y4,A,A24V,0.88,1.9
P0A7Y4,A,R27A,-2.2,-0.5
P0A7Y4,A,Y28F,-0.7,-0.2
P0A7Y4,A,R41C,0.44,-0.3
P0A7Y4,A,E48A,-0.3,0.1
P0A7Y4,A,E48D,-0.2,-0.4
P0A7Y4,A,E48Q,0.3,0.6
P0A7Y4,A,A52C,0.8,0.3
P0A7Y4,A,A52D,-1.9,-2.0
P0A7Y4,A,A52E,-1.5,-1.5
P0A7Y4,A,A52F,0.5,1.9
P0A7Y4,A,A52G,-2.7,-2.1
P0A7Y4,A,A52H,-3.6,-0.5
P0A7Y4,A,A52I,1.9,2.8
P0A7Y4,A,A52K,-5.9,-1.4
P0A7Y4,A,A52L,1.3,2.5
P0A7Y4,A,A52M,0.5,1.6
P0A7Y4,A,A52N,-1.8,-1.4
P0A7Y4,A,A52P,-1.6,-1.2
P0A7Y4,A,A52Q,-1.2,-0.6
P0A7Y4,A,A52S,-1.8,-1.1
P0A7Y4,A,A52T,-0.8,-0.1
P0A7Y4,A,A52V,1.7,2.4
P0A7Y4,A,A52Y,-2.3,1.5
P0A7Y4,A,I53A,-2.1,-2.7
P0A7Y4,A,I53D,-4.1,-4.4
P0A7Y4,A,I53F,-3.9,-0.6
P0A7Y4,A,I53L,-1.4,-0.1
P0A7Y4,A,I53V,-0.2,-0.5
P0A7Y4,A,H62A,0.38,-0.5
P0A7Y4,A,H62D,-0.17,-0.4
P0A7Y4,A,H62P,0.74,-0.5
P0A7Y4,A,H62R,0.36,0.0
P0A7Y4,A,S68A,0.19,0.5
P0A7Y4,A,S68G,-2.2,-0.7
P0A7Y4,A,S68L,-1.0,2.0
P0A7Y4,A,S68T,0.1,0.7
P0A7Y4,A,S68V,1.29,1.7
P0A7Y4,A,D70A,1.1,-1.0
P0A7Y4,A,D70E,0.1,-0.5
P0A7Y4,A,D70N,1.6,-0.3
P0A7Y4,A,V74A,-2.2,-1.9
P0A7Y4,A,V74I,0.7,-0.0
P0A7Y4,A,V74L,1.1,-0.3
P0A7Y4,A,Q76L,0.24,0.7
P0A7Y4,A,G77A,-0.9,1.4
P0A7Y4,A,Q80L,0.3,0.3
P0A7Y4,A,H83A,-0.01,-0.1
P0A7Y4,A,K91R,0.2,0.3
P0A7Y4,A,D94E,-0.4,0.0
P0A7Y4,A,D94R,1.1,0.1
P0A7Y4,A,K95A,0.1,0.0
P0A7Y4,A,K95G,1.7,0.0
P0A7Y4,A,K95N,0.9,0.1
P0A7Y4,A,Q105G,-2.2,-0.9
P0A7Y4,A,Q113P,-0.2,-0.4
P0A7Y4,A,H114A,-2.63,-0.3
P0A7Y4,A,K117R,0.03,0.4
P0A7Y4,A,E119V,0.74,1.1
P0A7Y4,A,H124A,0.48,-0.4
P0A7Y4,A,A125T,0.1,0.2
P0A7Y4,A,H127A,-0.58,-0.5
P0A7Y4,A,D134A,2.0,-0.5
P0A7Y4,A,D134E,0.86,-0.4
P0A7Y4,A,D134H,0.5,0.1
P0A7Y4,A,D134I,1.27,0.4
P0A7Y4,A,D134L,1.51,0.3
P0A7Y4,A,D134N,1.8,-0.1
P0A7Y4,A,D134Q,1.32,0.0
P0A7Y4,A,D134S,1.08,-0.5
P0A7Y4,A,D134T,1.08,-0.3
P0A7Y4,A,D134V,1.12,0.2
P0A7Y4,A,E135K,-0.22,0.1
P11309,A,Y53H,-3.3,-1.4
P11309,A,E124Q,-2.9,0.2
P11309,A,E135K,-4.59,-0.1
P11309,A,E142D,-3.22,-0.2
P0CG47,A,I3A,-3.18,-1.4
P0CG47,A,I3V,-1.18,-0.3
P0CG47,A,V5A,-2.41,-1.2
P0CG47,A,T7A,-1.37,-0.2
P0CG47,A,T9A,0.06,-0.0
P0CG47,A,I13A,-3.4,-1.2
P0CG47,A,I13V,-1.16,-0.2
P0CG47,A,L15A,-3.85,-1.3
P0CG47,A,V17A,-1.65,-1.1
P0CG47,A,D21N,-0.85,0.1
P0CG47,A,T22A,-1.74,-0.4
P0CG47,A,I23A,-2.78,-1.5
P0CG47,A,I23G,-3.58,-2.3
P0CG47,A,I23V,-0.45,-0.2
P0CG47,A,V26A,-3.37,-1.3
P0CG47,A,K27A,-2.56,-0.1
P0CG47,A,A28G,-0.52,-0.5
P0CG47,A,I30A,-3.22,-1.7
P0CG47,A,I30V,-1.21,-0.4
P0CG47,A,Q41A,-1.46,-0.3
P0CG47,A,L43A,-4.36,-1.9
P0CG47,A,L50A,-2.73,-1.7
P0CG47,A,L56A,-4.05,-1.7
P0CG47,A,I61A,-3.23,-1.6
P0CG47,A,I61V,-1.12,-0.4
P0CG47,A,L67A,-2.57,-1.6
P0CG47,A,L69A,-3.05,-1.5
P0ABQ4,A,I2V,-0.6,-0.4
P0ABQ4,A,L4A,-3.7,-2.7
P0ABQ4,A,L8A,-2.1,-1.8
P0ABQ4,A,G15A,0.7,0.3
P0ABQ4,A,P21L,-0.1,0.2
P0ABQ4,A,W22L,0.1,-2.8
P0ABQ4,A,L24V,-1.9,-0.5
P0ABQ4,A,D27N,1.4,-0.2
P0ABQ4,A,L28R,1.7,-0.6
P0ABQ4,A,W30A,-2.33,-2.2
P0ABQ4,A,W30E,-2.89,-2.5
P0ABQ4,A,W30H,-2.78,-1.2
P0ABQ4,A,W30M,-2.03,-0.9
P0ABQ4,A,W30N,-2.52,-2.4
P0ABQ4,A,W30R,-2.49,-1.5
P0ABQ4,A,W30S,-2.74,-2.7
P0ABQ4,A,W30Y,-2.16,0.4
P0ABQ4,A,F31A,-1.9,-3.4
P0ABQ4,A,F31V,-1.5,-2.1
P0ABQ4,A,T35A,-1.1,-1.1
P0ABQ4,A,V40A,-1.09,-2.7
P0ABQ4,A,V40F,-2.15,-0.8
P0ABQ4,A,V40H,-3.27,-3.4
P0ABQ4,A,V40I,-0.85,0.1
P0ABQ4,A,V40L,-1.35,-0.4
P0ABQ4,A,V40M,-2.0,-1.2
P0ABQ4,A,V40N,-2.17,-4.2
P0ABQ4,A,V40R,-1.72,-3.3
P0ABQ4,A,V40S,-2.52,-4.0
P0ABQ4,A,G43A,-0.4,-0.7
P0ABQ4,A,R44A,-1.4,-1.2
P0ABQ4,A,R44L,1.5,-0.3
P0ABQ4,A,L54V,0.4,-1.2
P0ABQ4,A,N59C,-0.02,0.3
P0ABQ4,A,N59E,-2.09,-0.3
P0ABQ4,A,N59G,-2.92,-1.0
P0ABQ4,A,N59H,-1.75,0.4
P0ABQ4,A,N59I,-0.11,1.6
P0ABQ4,A,N59K,-2.22,-0.8
P0ABQ4,A,N59L,-0.03,1.4
P0ABQ4,A,N59M,-0.27,1.0
P0ABQ4,A,N59P,-1.34,-0.5
P0ABQ4,A,N59Q,-0.92,0.0
P0ABQ4,A,N59S,-1.88,-0.3
P0ABQ4,A,N59T,-0.32,0.4
P0ABQ4,A,N59V,0.22,1.5
P0ABQ4,A,N59W,-1.6,1.1
P0ABQ4,A,I61A,-1.6,-2.8
P0ABQ4,A,I61L,-0.4,-0.9
P0ABQ4,A,I61V,0.12,0.4
P0ABQ4,A,P66A,1.3,-0.1
P0ABQ4,A,G67A,0.52,0.4
P0ABQ4,A,G67C,-0.36,0.2
P0ABQ4,A,G67D,-0.14,0.4
P0ABQ4,A,G67L,-0.44,0.8
P0ABQ4,A,G67S,0.07,0.4
P0ABQ4,A,G67T,-0.21,0.6
P0ABQ4,A,G67V,-0.94,0.7
P0ABQ4,A,W74F,-1.2,0.3
P0ABQ4,A,V75A,-0.2,-1.4
P0ABQ4,A,V75C,-0.2,-1.2
P0ABQ4,A,V75H,-2.22,-1.5
P0ABQ4,A,V75I,-1.42,0.0
P0ABQ4,A,V75R,-2.8,-1.5
P0ABQ4,A,V75S,-1.9,-2.1
P0ABQ4,A,V75Y,-2.3,-0.1
P0ABQ4,A,C85S,-1.0,-0.8
P0ABQ4,A,V88A,0.2,-0.5
P0ABQ4,A,V88I,-0.18,0.1
P0ABQ4,A,I91A,-0.6,-2.7
P0ABQ4,A,I91L,-1.71,-0.7
P0ABQ4,A,I91V,-1.26,-0.4
P0ABQ4,A,I94L,-0.6,-0.7
P0ABQ4,A,I94V,-0.7,-0.7
P0ABQ4,A,G95A,1.3,-0.4
P0ABQ4,A,L110V,-1.0,-0.6
P0ABQ4,A,L112I,-0.2,-0.0
P0ABQ4,A,L112V,-1.7,-0.6
P0ABQ4,A,T113V,-1.2,0.7
P0ABQ4,A,I115A,-1.0,-2.5
P0ABQ4,A,I115V,1.6,-0.3
P0ABQ4,A,G121A,0.5,-0.1
P0ABQ4,A,G121C,0.09,-0.0
P0ABQ4,A,G121D,0.19,-0.8
P0ABQ4,A,G121H,-0.11,-0.1
P0ABQ4,A,G121L,-0.38,0.1
P0ABQ4,A,G121S,0.01,-0.3
P0ABQ4,A,G121V,-1.22,0.0
P0ABQ4,A,G121Y,-0.2,0.4
P0ABQ4,A,D122A,-1.6,-0.4
P0ABQ4,A,W133F,-0.0,-0.6
P0ABQ4,A,W133V,-2.87,-1.9
P0ABQ4,A,V136A,-0.9,-0.7
P0ABQ4,A,E139K,-1.0,-0.0
P0ABQ4,A,E139Q,-1.36,0.2
P0ABQ4,A,A145T,-0.27,0.0
P0ABQ4,A,S148A,-0.47,0.0
P0ABQ4,A,S148E,-0.52,-0.0
P0ABQ4,A,S148K,-0.26,-0.1
P0ABQ4,A,S148N,-0.89,0.0
P0ABQ4,A,S148P,-0.26,-0.1
P0ABQ4,A,S148R,-0.75,0.2
P0ABQ4,A,S148T,-0.51,0.1
P0ABQ4,A,S148V,-0.33,0.1
P0ABQ4,A,C152E,-1.0,-0.3
P0ABQ4,A,I155A,-1.98,-1.3
P0ABQ4,A,I155D,-4.1,-2.1
P0ABQ4,A,I155E,-3.26,-1.7
P0ABQ4,A,I155K,-3.35,-1.7
P0ABQ4,A,I155L,-1.56,-0.1
P0ABQ4,A,I155Q,-3.86,-1.4
P0ABQ4,A,I155R,-3.28,-1.1
P0ABQ4,A,I155S,-3.93,-1.8
P0ABQ4,A,I155T,-0.72,-1.2
P0ABQ4,A,I155V,-0.58,-0.2
P0ABQ4,A,I155W,-4.31,-0.4
P0ABQ4,A,I155Y,-3.64,-0.3
P0ABQ4,A,L156A,-2.9,-1.4
P0ACJ8,A,S129A,-0.26,0.1
P0ACJ8,A,S129P,0.14,-0.1
P0ABE7,A,M55A,3.5,-2.7
P0ABE7,A,A58G,2.71,-1.8
P0ABE7,A,L70A,4.23,-1.8
P0ABE7,A,M80A,3.61,-1.4
P0ABE7,A,F83A,5.45,-3.0
P0ABE7,A,F87A,2.5,-2.8
P0ABE7,A,L90A,4.03,-3.1
P0ABE7,A,I94A,4.67,-3.3
P0ABE7,A,L98A,3.43,-1.4
P0ABE7,A,V106A,3.85,-1.3
P0ABE7,A,A109G,3.03,-2.5
P0ABE7,A,A112G,2.87,-1.2
P0ABE7,A,L116A,1.73,-2.8
P0AE67,A,V10T,-2.8,-2.9
P0AE67,A,V11T,-5.3,-2.4
P0AE67,A,D12A,2.5,0.3
P0AE67,A,D13A,2.7,0.0
P0AE67,A,F14A,0.8,-0.3
P0AE67,A,F14N,2.9,0.0
P0AE67,A,V21T,-8.3,-1.8
P0AE67,A,N23G,-8.5,-0.4
P0AE67,A,V33T,-7.0,-1.6
P0AE67,A,A36G,-5.4,-1.6
P0AE67,A,D38A,-6.6,0.4
P0AE67,A,D38G,-7.5,-0.5
P0AE67,A,G39A,-7.5,0.9
P0AE67,A,V40T,-7.8,-0.2
P0AE67,A,A42G,-6.2,-1.6
P0AE67,A,A48G,0.2,-0.2
P0AE67,A,V54T,-3.7,-3.1
P0AE67,A,I55V,-7.0,-0.6
P0AE67,A,D57A,3.3,0.4
P0AE67,A,P61G,-0.6,-0.5
P0AE67,A,D64A,-7.5,0.2
P0AE67,A,I72V,-7.0,-0.6
P0AE67,A,A74G,-0.3,-0.2
P0AE67,A,G76A,-9.0,0.1
P0AE67,A,A77G,-0.3,-0.1
P0AE67,A,A80G,0.6,-0.2
P0AE67,A,V83T,-5.0,-2.9
P0AE67,A,A88G,0.1,-0.3
P0AE67,A,A90G,0.5,-0.4
P0AE67,A,A97G,-7.1,-1.1
P0AE67,A,A98G,-7.2,-1.7
P0AE67,A,A99G,-0.5,-0.5
P0AE67,A,A101G,-1.0,-1.2
P0AE67,A,A103G,-6.8,-1.3
P0AE67,A,V108T,-7.5,-0.6
P0AE67,A,T112A,-7.0,-0.2
P0AE67,A,T112G,-7.5,-0.6
P0AE67,A,A113G,-0.8,-0.7
P0AE67,A,A114G,-0.5,-0.4
P0AE67,A,I123V,-7.7,-0.2
P0CG63,A,V5A,-3.0,-0.8
P0CG63,A,V5N,-5.4,-1.2
P0CG63,A,V5T,-3.7,-0.8
P0CG63,A,K11A,-0.1,-0.0
P0CG63,A,V17A,-1.6,-0.7
P0CG63,A,V17N,-4.9,-1.1
P0CG63,A,V17T,-1.9,-0.7
P0CG63,A,I30F,-3.3,-0.4
P0CG63,A,I30L,-2.0,-0.3
P0CG63,A,I30V,-1.6,-0.3
P0CG63,A,K33A,0.4,-0.0
P0CG63,A,K33E,0.1,-0.0
P0CG63,A,K33F,0.2,0.1
P0CG63,A,K33G,-1.5,-0.2
P0CG63,A,K33I,1.6,0.1
P0CG63,A,K33L,1.0,0.1
P0CG63,A,K33M,0.5,0.1
P0CG63,A,K33N,-0.6,-0.0
P0CG63,A,K33Q,0.1,0.1
P0CG63,A,K33S,-0.4,-0.0
P0CG63,A,K33T,-0.1,0.0
P0CG63,A,K33V,0.9,0.1
P0CG63,A,E34A,0.1,-0.0
P0CG63,A,E34C,0.9,-0.0
P0CG63,A,E34D,-1.0,-0.1
P0CG63,A,E34F,0.7,0.3
P0CG63,A,E34G,1.4,-0.2
P0CG63,A,E34H,-3.9,0.1
P0CG63,A,E34I,1.6,0.3
P0CG63,A,E34K,-2.1,-0.1
P0CG63,A,E34L,1.4,0.3
P0CG63,A,E34N,-0.9,-0.0
P0CG63,A,E34P,-2.1,-0.1
P0CG63,A,E34Q,-1.5,0.1
P0CG63,A,E34R,-3.5,0.1
P0CG63,A,E34S,0.1,-0.0
P0CG63,A,E34T,1.5,0.1
P0CG63,A,E34V,0.9,0.2
P0CG63,A,E34W,1.3,0.3
P0CG63,A,E34Y,0.4,0.3
P0CG63,A,I36F,-0.9,-0.2
P0CG63,A,I36L,-1.3,-0.2
P0CG63,A,I36V,-0.8,-0.2
P0CG63,A,Q41L,-0.3,0.3
P0CG63,A,Q41N,-2.6,-0.4
P0CG63,A,Q41S,-1.3,-0.4
P0CG63,A,Q41T,-0.4,-0.2
P0CG63,A,Q41V,-0.1,0.2
P0CG63,A,L67A,-2.8,-1.1
P0CG63,A,L67N,-3.4,-1.5
P0CG63,A,L67S,-3.3,-1.5
P0CG63,A,L67T,-2.9,-1.1
P11053,A,H43R,4.0,0.1
P0ACT4,A,R128E,0.3,-0.3
P11540,A,I6V,1.0,-0.7
P11540,A,L17V,1.1,-0.9
P11540,A,K22A,-1.4,0.8
P11540,A,K22Q,-0.7,0.4
P11540,A,K23Q,-0.5,0.2
P11540,A,L35V,1.1,-0.8
P11540,A,C41A,0.1,-1.8
P11540,A,L52V,0.6,-0.5
P11540,A,E58K,-0.4,-0.2
P11540,A,K61E,-0.6,-0.1
P11540,A,K61L,1.0,1.0
P11540,A,R76L,0.7,0.3
P11540,A,R76Q,-0.3,-0.2
P11540,A,K79A,-0.4,0.2
P11540,A,K79Q,0.4,0.2
P11540,A,C83A,-0.6,0.2
P0AEG4,A,C49S,-1.8,-3.7
P0AEG4,A,H51L,5.3,-0.0
P0AEG4,A,H51S,5.2,-0.6
P0AEG4,A,H51Y,6.8,0.5
P0AEG4,A,C52S,-1.1,-3.6
P13479,A,V19L,-1.82,-0.5
P13479,A,A25G,-0.14,-0.5
P13479,A,T27G,-1.2,-0.5
P13479,A,E31L,-0.67,-0.0
P13479,A,V34L,0.33,0.0
P13479,A,V37L,-0.26,0.5
P13479,A,E41V,0.88,0.8
P13479,A,V68I,-0.81,-0.2
P13479,A,V71I,0.07,0.1
P19614,A,R23A,-0.9,0.0
P19614,A,E25A,0.02,0.1
P19614,A,D36A,0.95,-0.4
P19614,A,R39A,-0.63,-0.2
P19614,A,R47A,-0.67,-0.5
P19614,A,D58N,-0.12,0.1
P13726,A,R232W,0.6,0.0
P22069,A,M23L,-2.51,-0.7
P22069,A,F28A,-5.0,-1.7
P22069,A,F28T,-5.31,-1.3
P22069,A,F36Y,-4.66,-1.4
P23657,A,E55A,0.7,-0.1
P23657,A,D58A,2.2,-1.1
P23657,A,E68A,-0.4,-0.9
P23657,A,K70A,4.0,-0.5
P18429,A,S27E,-0.644884,-0.1
P19267,A,M35W,-0.7,0.3
P19267,A,M35Y,-0.4,0.6
P21695,A,T56I,0.19,0.1
P21695,A,T56R,0.65,0.1
P21695,A,R269A,9.1,-0.3
P21695,A,N270A,5.6,-0.2
P21695,A,Q295A,-1.7,-0.1
P21695,A,Q295G,-0.4,-0.4
P21695,A,Q295N,-2.7,-0.1
P21695,A,Q295S,-0.6,-0.1
P23370,A,V6A,-1.7,-2.4
P23370,A,I8A,-2.9,-3.1
P23370,A,L21A,1.2,-0.2
P23370,A,E22Q,-0.4,0.6
P23370,A,I26A,-2.8,-3.0
P23370,A,Y33A,0.6,-1.5
P23370,A,A35G,-0.2,-0.2
P23370,A,V37A,-3.0,-1.9
P23370,A,L48A,-0.3,-3.3
P23370,A,I52A,-1.0,-3.2
P23370,A,F60A,0.3,-3.0
P23370,A,V65A,-2.3,-2.1
P23370,A,L75A,-0.7,-3.3
P23370,A,L79A,-2.7,-3.4
P23370,A,V85A,-2.9,-2.7
P23370,A,V88A,-1.2,-1.6
P21873,A,L159A,-2.0,-1.2
P21873,A,L159G,-1.9,-2.5
P21873,A,L159V,-0.6,-0.3
P21873,A,A168G,-0.3,-2.1
P19873,A,P4G,-2.0,-0.1
P19873,A,T43A,-1.0,-0.5
P19873,A,R50A,-3.0,-1.7
P19873,A,R50K,-3.0,-1.2
P19873,A,R52A,-2.0,-0.6
P19873,A,R52Q,-2.0,-0.6
P32081,A,M1R,1.74,-0.2
P32081,A,L2R,-0.4,-0.4
P32081,A,E3K,2.75,-0.1
P32081,A,E3L,1.6,0.3
P32081,A,E3Q,1.39,0.1
P32081,A,E3R,2.65,0.2
P32081,A,E3V,1.8,0.3
P32081,A,K5E,-3.49,0.1
P32081,A,K5Q,-2.2,0.3
P32081,A,K7E,-3.6,-0.0
P32081,A,K7Q,-3.6,0.3
P32081,A,N10D,0.26,-0.2
P32081,A,N10K,-1.51,-0.5
P32081,A,E12K,-0.72,-0.1
P32081,A,K13E,-0.31,-0.2
P32081,A,K13Q,-0.17,0.0
P32081,A,F15A,-2.27,-2.9
P32081,A,F17A,-1.53,-3.1
P32081,A,E19K,-0.5,0.1
P32081,A,E19Q,-0.14,0.4
P32081,A,V20E,-3.1,-1.1
P32081,A,V20K,-1.96,-0.9
P32081,A,V20Q,-1.82,-0.5
P32081,A,E21K,-0.07,-0.0
P32081,A,E21Q,-0.24,0.0
P32081,A,D24K,-0.6,0.1
P32081,A,D24N,-0.79,0.1
P32081,A,D25K,-1.46,-0.3
P32081,A,D25Q,-0.79,0.1
P32081,A,F27A,-0.76,-2.8
P32081,A,F38A,0.15,-0.2
P32081,A,K39E,-0.31,-0.0
P32081,A,K39Q,-0.07,0.3
P32081,A,E42K,0.02,0.1
P32081,A,E42Q,-0.12,0.2
P32081,A,E43G,2.8,-0.2
P32081,A,E43K,0.22,-0.0
P32081,A,E43Q,0.02,0.1
P32081,A,E43S,0.29,0.0
P32081,A,A46E,-0.6,-0.2
P32081,A,A46K,1.41,-0.0
P32081,A,A46L,0.8,0.7
P32081,A,S48E,0.1,0.0
P32081,A,S48K,0.72,-0.2
P32081,A,S48R,1.58,0.7
P32081,A,E50K,-0.65,-0.1
P32081,A,E50Q,-1.27,0.3
P32081,A,E53K,-0.29,-0.0
P32081,A,E53Q,0.17,0.1
P32081,A,N55D,0.48,-0.0
P32081,A,N55K,-0.22,-0.0
P32081,A,N55S,-0.2,-0.0
P32081,A,R56Q,0.31,-0.1
P32081,A,T64R,1.1,0.1
P32081,A,K65E,-1.91,0.0
P32081,A,K65I,1.53,1.4
P32081,A,K65Q,-0.96,0.3
P32081,A,E66K,2.17,-0.1
P32081,A,E66L,2.1,0.9
P32081,A,E66V,1.7,0.9
P37957,A,A46S,0.18,0.2
P37957,A,F48T,0.52,-0.2
P37957,A,R64P,0.04,-0.1
P37957,A,T78S,0.96,-0.1
P37957,A,G111S,0.11,-0.1
P37957,A,T140V,0.34,0.6
P37957,A,L145P,0.23,-1.5
P37957,A,A163D,-0.41,0.2
P37957,A,M165D,0.16,-0.4
P37957,A,M165E,0.64,-0.3
P37957,A,M165R,0.25,0.0
P37957,A,M168P,1.16,-0.2
P37957,A,G186S,1.05,0.2
P37957,A,I188M,0.55,0.0
P37957,A,Y192N,-0.09,-0.6
P37957,A,S194P,-0.25,0.2
P37957,A,N205T,0.36,0.2
P24297,A,A2K,-0.6,-0.3
P30289,A,Y53F,-0.6,-0.0
P30289,A,Y75F,0.5,-0.7
P30289,A,Y96F,-2.6,-0.9
P30289,A,Y97F,-2.1,-1.3
P30289,A,Y100F,-0.7,-0.9
P30289,A,Y125F,-1.5,-0.3
P30289,A,Y126F,-1.0,-0.6
P30289,A,Y131F,-0.0,-1.5
P29160,A,D3A,-0.53,0.2
P29160,A,E7A,-0.76,0.8
P29160,A,R9A,-0.76,0.2
P29160,A,K10A,-0.29,0.7
P29160,A,K10M,-0.5,1.9
P29160,A,D13A,0.24,0.0
P29160,A,K16A,-0.91,0.2
P29160,A,R22A,0.07,-0.2
P29160,A,K23A,0.43,0.3
P29160,A,K29A,-1.19,0.1
P29160,A,K34A,0.12,0.5
P29160,A,R40A,-0.07,-0.2
P29160,A,R43A,0.33,-0.3
P29160,A,D45A,0.05,-0.1
P29160,A,K47A,-1.1,0.0
P29160,A,E48A,-0.05,-0.1
P29160,A,D49A,0.36,0.2
P29160,A,E51A,0.57,0.1
P29160,A,R55A,-0.26,-0.1
P29160,A,E63A,-1.29,0.4
P29160,A,E65A,-0.26,0.1
P29160,A,E70A,-0.74,-0.1
P29160,A,R77A,0.19,-0.8
P29160,A,H79A,-0.5,-0.2
P29160,A,D88A,-1.36,-0.2
P29160,A,E91A,-0.41,0.1
P29160,A,R93A,-0.31,-0.1
P29160,A,R93M,-0.8,0.1
P26492,A,L5A,-2.533460803,-2.5
P26492,A,V7A,-2.1749521990000003,-2.8
P26492,A,A19G,-2.676864245,-2.2
P26492,A,V33A,-2.676864245,-1.6
P26492,A,L36A,-2.318355641,-1.3
P26492,A,V53A,-3.035372849,-2.6
P26492,A,F55A,-4.397705545,-3.2
P26492,A,L74A,-4.7801147230000005,-2.5
P26492,A,V88A,-3.130975143,-2.2
P26492,A,E109A,-2.796367113,0.3
P26492,A,I120A,-4.899617591,-1.7
P26492,A,L124A,-4.373804971,-1.5
P26492,A,V137A,-4.756214149,-1.1
P40040,A,S6A,0.1,0.0
P40040,A,S6G,-0.2,-0.3
P40040,A,V10A,-0.1,-0.2
P40040,A,V10G,-0.7,-0.9
P40040,A,L16A,-1.3,-3.9
P40040,A,D38A,0.1,-0.6
P40040,A,E40Q,-0.1,0.3
P29768,A,A53L,0.81,1.1
P29768,A,A69V,0.62,1.4
P33665,A,W68F,-3.56,-1.7
P33665,A,W141F,-3.91,-2.1
P33665,A,W267F,-2.97,-1.2
P37001,A,W42A,-0.98,-1.2
P37001,A,Y48A,-0.91,-1.0
P37001,A,D49N,-0.6,-0.3
P37001,A,W76A,-0.45,-1.7
P37001,A,F80A,-1.05,-1.1
P37001,A,S83A,-1.26,-0.1
P37001,A,M97A,-0.34,-3.0
P37001,A,A110G,-0.87,-1.0
P37001,A,Y112F,-1.37,-0.8
P37001,A,E115A,-0.66,-0.4
P37001,A,R119A,-1.53,-0.5
P37001,A,L130A,-0.76,-0.8
P37001,A,T133A,-0.4,-1.0
P37001,A,T137A,-0.508742,-1.2
P37001,A,S155A,-1.27,0.3
P37001,A,T162A,-0.51,-0.3
P37001,A,Q164A,-0.97,-0.5
P37001,A,Y178A,-0.55,-1.3
P37001,A,M182A,-0.77,-0.9
P37001,A,Q185A,0.18,-0.5
P42013,A,F29W,-0.86,-0.7
P42773,A,F37H,-0.7,-0.1
P42773,A,R55V,-0.1,1.2
P42773,A,F71N,0.5,-1.1
P42773,A,F82Q,-0.4,-0.5
P42773,A,F92N,-0.7,-1.3
P60849,A,P18A,-1.935946463,-0.4
P60849,A,P62A,-2.58126195,0.0
P61626,A,K19A,-0.6,-0.2
P61626,A,K19M,-0.12,0.3
P61626,A,V20A,-1.51,-0.7
P61626,A,V20D,-1.43,-0.9
P61626,A,V20F,-0.86,-0.2
P61626,A,V20G,-2.29,-1.2
P61626,A,V20I,1.1,0.1
P61626,A,V20L,-0.05,-0.2
P61626,A,V20M,-0.31,-0.2
P61626,A,V20N,-1.34,-0.8
P61626,A,V20R,-0.38,-0.6
P61626,A,V20S,-1.41,-0.8
P61626,A,V20Y,-0.36,-0.2
P61626,A,E25Q,0.1,0.2
P61626,A,L26T,-3.73,-3.1
P61626,A,A27S,-0.02,-1.2
P61626,A,T29A,0.4,-0.1
P61626,A,T29V,0.3,1.0
P61626,A,G34A,-1.39,-0.1
P61626,A,D36N,-0.53,0.1
P61626,A,G37A,-1.77,-0.0
P61626,A,G37Q,-0.4,-0.1
P61626,A,Y38A,-2.8,-2.2
P61626,A,Y38F,-0.5,-0.1
P61626,A,Y38G,-2.5,-2.8
P61626,A,R39A,1.31,-0.4
P61626,A,R39G,1.15,-0.8
P61626,A,G40A,-1.79,-0.0
P61626,A,I41A,-2.54,-1.3
P61626,A,I41V,-0.36,-0.2
P61626,A,S42A,-0.5,0.0
P61626,A,A50L,-0.1,0.7
P61626,A,A50S,-0.33,-1.5
P61626,A,E53L,-0.53,0.2
P61626,A,S54A,-1.1,-0.4
P61626,A,G55A,-0.29,0.0
P61626,A,G55Q,-0.86,0.3
P61626,A,Y56A,-2.49,-3.0
P61626,A,Y56F,-0.19,0.3
P61626,A,Y56G,-2.32,-3.8
P61626,A,T58A,-1.5,-1.2
P61626,A,T58V,-1.3,-0.0
P61626,A,T61A,-0.4,-0.3
P61626,A,T61V,1.0,0.6
P61626,A,Y63F,0.07,-0.2
P61626,A,A65P,1.1,0.0
P61626,A,G66A,0.45,0.0
P61626,A,D67H,-3.7,-0.2
P61626,A,D67N,-1.0,-0.1
P61626,A,R68A,0.43,-0.3
P61626,A,R68G,0.53,0.0
P61626,A,S69A,-0.2,-0.8
P61626,A,T70A,-0.9,-0.7
P61626,A,T70V,-0.7,-0.2
P61626,A,Y72F,-0.96,-0.7
P61626,A,I74A,-3.71,-3.4
P61626,A,I74F,-4.09,-1.0
P61626,A,I74L,-0.1,-0.2
P61626,A,I74M,-1.77,-1.2
P61626,A,I74T,-6.67,-3.1
P61626,A,I74V,-1.2,-1.1
P61626,A,Q76A,0.91,-0.8
P61626,A,Q76G,2.06,-2.3
P61626,A,I77A,-1.72,-3.7
P61626,A,I77F,-0.81,-1.4
P61626,A,I77G,-3.83,-5.1
P61626,A,I77L,-0.0,-1.4
P61626,A,I77M,-1.29,-1.8
P61626,A,I77S,-3.59,-4.4
P61626,A,I77T,-2.22,-3.3
P61626,A,I77V,-1.1,-1.4
P61626,A,I77Y,-3.78,-1.7
P61626,A,S79A,-1.4,-0.1
P61626,A,Y81F,-0.24,-0.2
P61626,A,D85H,-4.54,0.2
P61626,A,D85N,-0.24,0.1
P61626,A,G86A,-0.12,-0.1
P61626,A,P89G,-1.2,-0.6
P61626,A,G90A,-0.36,0.1
P61626,A,V92A,-0.36,-0.1
P61626,A,V92D,-0.43,-0.2
P61626,A,V92F,-0.29,0.1
P61626,A,V92G,-0.22,-0.2
P61626,A,V92I,0.45,-0.0
P61626,A,V92L,0.19,-0.0
P61626,A,V92M,0.65,0.1
P61626,A,V92N,-0.33,-0.1
P61626,A,V92R,-0.07,0.1
P61626,A,V92S,-0.38,-0.1
P61626,A,V92Y,-0.24,0.3
P61626,A,C95A,-4.6,-3.6
P61626,A,H96A,-0.14,-0.1
P61626,A,H96G,-0.53,-0.2
P61626,A,S98A,0.5,-0.0
P61626,A,S100A,1.0,-0.1
P61626,A,I107A,-2.7,-3.1
P61626,A,I107V,-0.48,-1.3
P61626,A,D109P,-0.8,-0.2
P61626,A,A110S,0.81,-0.3
P61626,A,V111A,-0.74,-2.2
P61626,A,V111T,-0.67,-1.9
P61626,A,A114M,0.02,-0.1
P61626,A,A114S,-1.0,-1.2
P61626,A,V117A,-0.98,-2.4
P61626,A,V117T,-0.5,-2.1
P61626,A,V118A,-0.26,-1.6
P61626,A,V118F,-1.65,0.3
P61626,A,V118T,-0.29,-1.5
P61626,A,D120N,0.17,-0.0
P61626,A,P121G,-0.1,-0.1
P61626,A,G123A,-0.62,-0.7
P61626,A,I124A,-0.93,-1.9
P61626,A,I124V,-0.72,-0.4
P61626,A,V128A,0.53,-0.5
P61626,A,V128D,0.17,-0.9
P61626,A,V128F,-0.05,-0.0
P61626,A,V128G,0.48,-1.1
P61626,A,V128I,0.86,-0.1
P61626,A,V128L,0.07,-0.1
P61626,A,V128M,0.53,-0.1
P61626,A,V128N,0.07,-0.8
P61626,A,V128P,2.4,-0.6
P61626,A,V128R,0.88,-0.5
P61626,A,V128Y,-0.14,0.0
P61626,A,N136A,0.19,-0.1
P61626,A,N136G,0.05,-0.0
P61626,A,D138N,0.1,0.0
P61626,A,V139A,-1.44,-0.9
P61626,A,Y142F,-0.36,-0.3
P61626,A,V143A,-1.32,-1.2
P61626,A,G145A,-0.55,-0.0
P61626,A,G147A,0.14,0.0
P61626,A,V148A,-0.84,-0.5
P61823,A,A30S,-0.22,-0.1
P61823,A,A31S,0.08,-0.4
P61823,A,F72A,-6.36,-5.0
P61823,A,F72L,-3.2,-2.6
P61823,A,F72V,-4.54,-3.1
P61823,A,V73A,-3.8,-2.8
P61823,A,V73G,-7.34,-4.7
P61823,A,V80A,-2.58,-3.3
P61823,A,V80G,-4.87,-5.2
P61823,A,V80I,-1.95,0.1
P61823,A,V80L,-1.09,-0.8
P61823,A,V83A,-2.85,-2.8
P61823,A,V83G,-5.52,-4.6
P61823,A,V83I,-1.3,0.2
P61823,A,V83L,-2.37,-0.8
P61823,A,V89A,-2.02,-1.4
P61823,A,V89G,-3.5,-2.2
P61823,A,A90G,-0.43,-0.3
P61823,A,N93D,0.6,-0.2
P61823,A,S101A,-2.5,-0.4
P61823,A,S101T,-2.8,0.0
P61823,A,I107A,-2.99,-2.9
P61823,A,I107G,-4.8,-4.6
P61823,A,I107L,-2.2,-0.2
P61823,A,I107V,-0.43,-0.4
P61823,A,P119A,-2.7,-0.6
P61823,A,P119G,-2.2,-0.9
P61823,A,P119S,-2.1,-0.6
P61823,A,Y123A,-12.0,-4.5
P61823,A,Y123F,-3.54,-1.1
P61823,A,Y123G,-11.7,-5.6
P61823,A,I132A,-4.37,-3.6
P61823,A,I132L,-1.79,-0.8
P61823,A,I132V,-0.8,-0.7
P61823,A,I133A,-2.84,-2.5
P61823,A,I133L,-2.19,-0.6
P61823,A,I133V,-0.08,-0.3
P61823,A,V134A,-4.2,-3.4
P61823,A,V134G,-7.28,-5.7
P61823,A,V134I,-0.43,0.0
P61823,A,V134L,-0.7,-0.9
P61823,A,A135G,-0.43,-2.0
P61823,A,P140A,-3.2,-0.2
P61823,A,P140G,-2.8,-0.5
P61823,A,V142A,-0.66,-1.6
P61823,A,V142G,-1.18,-2.8
P61823,A,V144A,-1.92,-2.2
P61823,A,V144G,-2.77,-3.7
P61823,A,H145A,1.1,-0.9
P61823,A,D147A,-0.72,-0.4
P61823,A,D147N,-0.76,-0.1
P61823,A,S149A,1.14,0.2
P56552,A,A19D,-0.24,-0.6
P56552,A,A19G,0.06,-0.5
P56552,A,A19K,-0.46,-0.4
P61024,A,I6V,-0.56,-1.0
P61024,A,Y8A,-0.34,-2.7
P61024,A,S9A,-0.34,-0.4
P61024,A,K11A,0.51,-0.7
P61024,A,F17L,-2.79,-1.4
P61024,A,E18A,-1.25,-1.2
P61024,A,V22A,-1.53,-3.7
P61024,A,L24A,-3.28,-4.0
P61024,A,V32A,-1.13,-2.3
P61024,A,S39A,-0.83,-0.1
P61024,A,L46A,-2.07,-3.0
P61024,A,V55A,-1.06,-0.7
P61024,A,V55G,-2.1,-1.3
P61024,A,M58L,-0.52,-0.3
P61024,A,P62A,1.4,-0.8
P61024,A,P64A,-0.42,-0.9
P61024,A,H65A,-0.6,-1.6
P61024,A,L67A,-2.03,-4.1
P61024,A,F69L,-2.49,-2.2
P61024,A,R70A,-2.8,-1.3
P61024,A,R71A,-0.68,-1.6
P43332,A,Y10F,1.4,0.2
P43332,A,F53Y,0.5,-0.7
P42771,A,W15D,0.17,-0.9
P42771,A,L37S,0.71,-0.4
P42771,A,L121R,0.66,-0.2
P41016,A,Q2L,0.55,0.6
P41016,A,R3A,-1.89,-0.2
P41016,A,R3E,-2.75,-0.2
P41016,A,R3K,-0.19,-0.3
P41016,A,R3L,-0.93,0.1
P41016,A,N11S,0.33,-0.0
P41016,A,E12K,-0.43,-0.1
P41016,A,Y15F,-0.05,0.0
P41016,A,E21A,-0.29,-0.0
P41016,A,E21K,-0.26,-0.0
P41016,A,G23Q,-0.29,-0.1
P41016,A,S24D,0.22,-0.1
P41016,A,H29E,-0.76,-1.6
P41016,A,T31S,0.17,-0.1
P41016,A,E36K,-0.19,-0.0
P41016,A,F38W,0.7,-0.0
P41016,A,E46A,-0.22,0.2
P41016,A,E46K,-0.65,0.1
P41016,A,E50K,-0.5,-0.1
P41016,A,E50W,0.3,0.8
P41016,A,Q53E,-0.1,-0.1
P41016,A,N55K,0.1,-0.0
P41016,A,R56E,0.76,-0.1
P41016,A,V64T,-0.26,-0.7
P41016,A,L66A,-0.0,-0.5
P41016,A,L66E,-1.24,-0.7
P60848,A,E36A,-3.608986616,-0.0
P60848,A,E36Q,-2.724665392,0.3
P60848,A,K40N,-3.1,-0.2
P60848,A,V53E,-4.8,-3.3
P60848,A,E54A,-2.270554493,0.1
P60848,A,E54Q,-2.24665392,0.3
P60848,A,R57A,-1.362332696,-0.7
P60848,A,R57L,1.290630975,0.4
P60848,A,K68A,-1.027724665,0.4
P60848,A,K68L,1.673040153,0.6
P60848,A,R95Q,0.119502868,-0.1
P60848,A,K97A,-1.696940727,0.0
P60848,A,K97E,-2.485659656,0.2
P62166,A,W30F,-0.48,0.2
P62166,A,R102Q,0.58,-0.2
P62166,A,W103F,0.65,0.1
P63159,A,S121H,-1.5,0.0
P63159,A,I122H,-1.23,-0.2
P63159,A,G123H,0.47,0.4
P63159,A,N135H,0.3,0.1
P69441,A,D84H,-1.4,0.4
P69441,A,G85V,-2.4,0.4
P69441,A,F86L,-0.8,-0.5
P69441,A,R88G,-0.2,-1.4
P62942,A,V3A,-2.43,-1.2
P62942,A,V5A,-2.78,-0.9
P62942,A,T7A,-2.3,-0.1
P62942,A,I8V,-0.92,-0.2
P62942,A,T22A,-1.6,-0.4
P62942,A,T22S,-1.44,-0.7
P62942,A,T22V,0.86,0.7
P62942,A,V24A,-2.97,-1.3
P62942,A,V25A,-3.19,-2.7
P62942,A,T28A,-1.97,-0.4
P62942,A,T28S,-1.49,-0.6
P62942,A,T28V,0.23,0.6
P62942,A,F37A,-3.54,-2.2
P62942,A,L51A,-2.57,-2.3
P62942,A,V56A,-2.13,-1.6
P62942,A,I57A,-2.48,-2.3
P62942,A,I57D,-3.16,-3.4
P62942,A,I57T,-1.81,-2.1
P62942,A,R58A,-0.81,-0.1
P62942,A,R58G,-2.29,-0.8
P62942,A,W60F,-2.72,0.2
P62942,A,W60L,-2.35,0.2
P62942,A,E61A,-2.13,0.2
P62942,A,E61G,-2.84,-1.1
P62942,A,E62A,-0.84,0.4
P62942,A,E62G,-2.49,-0.7
P62942,A,V64A,-2.97,-2.8
P62942,A,T76A,-2.65,-0.1
P62942,A,T76V,-0.81,1.3
P62942,A,I77A,-3.81,-3.1
P62942,A,I77V,-0.76,-0.4
P62942,A,I91A,-1.5,-0.4
P62942,A,I91V,-0.4,-0.0
P62942,A,I92A,-1.54,-2.1
P62942,A,I92V,-0.38,-0.4
P62942,A,L98A,-3.56,-3.0
P62942,A,V99A,-2.16,-1.8
P62942,A,V102A,-2.75,-2.6
P62942,A,L107A,-2.32,-1.1
P69797,A,W12F,1.8,-0.1
P69797,A,W33F,-1.1,0.1
P69797,A,W69F,-2.1,0.1
P62593,A,A40S,3.5,-0.3
P62593,A,C75S,-2.48,-1.3
P62593,A,E102K,0.6,-0.0
P62593,A,R162H,-0.2,-0.2
P62593,A,R162S,-0.6,-0.8
P62593,A,M180T,3.5,0.1
P62593,A,S233A,0.6,-0.3
P62593,A,G234S,0.58,-1.0
P62593,A,G236S,-1.2,0.6
P68005,A,S13A,-0.974173508,-0.3
P68005,A,P14A,-0.366422968,-0.5
P68005,A,Y21A,-0.315006135,-1.1
P68005,A,Y27A,-0.988291807,-3.6
P80386,A,T134V,-0.93,0.9
P61964,A,S62A,-9.0,0.8
P61964,A,S146A,-8.5,0.9
P61964,A,S188A,-8.7,1.0
P61964,A,D192E,-8.0,-0.3
P61964,A,D324E,-4.14,-0.2
P61964,A,W330F,-4.5,-0.6
P61964,A,W330Y,-4.6,-0.6
Q03708,A,L3A,0.286806883,-1.1
Q03708,A,A13N,-0.334608031,-0.0
Q03708,A,V16A,-0.215105163,-2.0
Q03708,A,I22V,-0.884321224,-1.2
Q03708,A,L34A,-0.621414914,-1.5
Q03708,A,L38A,-1.649139579,-2.4
Q03708,A,V42A,0.52581262,-0.7
Q03708,A,I44V,0.693116635,-0.5
Q03708,A,L53A,-1.792543021,-3.9
Q03708,A,I68V,0.239005736,-0.6
Q03708,A,V69A,0.334608031,-2.8
Q08012,A,T22A,0.4,-0.0
Q08012,A,T22D,1.5,-0.1
Q08012,A,T22F,1.3,0.1
Q08012,A,T22G,3.6,0.2
Q08012,A,T22K,-0.0,-0.1
Q08012,A,T22L,0.5,0.0
Q08012,A,T22N,1.3,0.0
Q08012,A,T22S,0.6,-0.0
Q13526,A,K6A,0.15,0.0
Q13526,A,K6M,0.0846177,0.0
Q13526,A,L7A,-1.72,-0.2
Q13526,A,L7I,-0.85,-0.0
Q13526,A,L7N,-0.9,-0.2
Q13526,A,L7V,-1.26,-0.0
Q13526,A,P8A,-0.97,-0.0
Q13526,A,P8G,-0.92,-0.1
Q13526,A,P9A,-0.19,0.0
Q13526,A,P9G,-0.49,-0.0
Q13526,A,G10A,-0.85,0.1
Q13526,A,W11F,-1.93,-0.1
Q13526,A,W11L,1.0,-0.2
Q13526,A,E12A,-0.48,0.0
Q13526,A,E12Q,-0.54,0.1
Q13526,A,K13A,-0.02,0.2
Q13526,A,K13V,0.219836,0.5
Q13526,A,K13Y,-0.667734,0.3
Q13526,A,R14A,-1.63,-0.1
Q13526,A,R14F,-1.1,0.1
Q13526,A,R14L,-0.916212,0.1
Q13526,A,M15A,-0.59,-0.2
Q13526,A,S16A,-0.44,-0.1
Q13526,A,S16G,-0.92,-0.6
Q13526,A,S16T,-0.465,0.3
Q13526,A,R17A,-0.0,-0.1
Q13526,A,R17G,-0.22,-0.1
Q13526,A,S18A,0.03,-0.0
Q13526,A,S18G,0.02,-0.1
Q13526,A,S19A,-0.14,-0.1
Q13526,A,S19G,0.01,-0.3
Q13526,A,G20A,-0.86,0.3
Q13526,A,R21A,-0.65,-0.3
Q13526,A,R21G,-0.67,-0.6
Q13526,A,R21H,-0.7392340000000001,-0.1
Q13526,A,V22A,-0.26,-0.2
Q13526,A,Y23A,-1.08,-1.6
Q13526,A,Y23F,-0.52,-0.3
Q13526,A,Y23L,-1.18,-1.0
Q13526,A,Y24F,-0.66,-0.5
Q13526,A,Y24W,-0.56,-0.6
Q13526,A,F25A,-2.14,-0.4
Q13526,A,F25L,-1.37,-0.1
Q13526,A,F25Y,0.22,0.2
Q13526,A,N26D,-1.88,-0.1
Q13526,A,H27A,-0.12,-0.5
Q13526,A,H27G,-0.68,-0.6
Q13526,A,I28A,-0.36,-0.1
Q13526,A,I28G,-0.48,-0.2
Q13526,A,T29A,-1.25,-0.1
Q13526,A,T29D,-1.33,0.0
Q13526,A,T29G,-1.99,-0.2
Q13526,A,T29S,-0.65,-0.0
Q13526,A,N30A,-0.47,-0.0
Q13526,A,N30G,0.53,-0.1
Q13526,A,A31G,-1.49,-0.1
Q13526,A,S32A,-0.26,0.1
Q13526,A,S32G,-0.81,-0.1
Q13526,A,Q33A,-0.57,-0.2
Q13526,A,W34A,-0.4,-0.6
Q13526,A,W34F,-0.1,0.2
Q13526,A,W34L,-1.19,-0.2
Q13526,A,E35A,-0.73,0.1
Q13526,A,R36A,-0.29,-0.2
Q13526,A,S38A,0.05,0.0
Q13526,A,S38G,-0.08,-0.1
Q13526,A,S38T,-0.128027,0.1
Q13526,A,W73L,-0.478,-0.2
P83876,A,G126D,-1.71,-0.2
Q16595,A,D104G,0.6,-0.6
Q16595,A,A107V,-0.5,1.2
Q16595,A,F109L,-3.0,-0.3
Q16595,A,D122Y,-1.3,0.4
Q16595,A,Y123S,-3.9,-2.5
Q16595,A,G130V,-2.5,0.1
Q16595,A,I154F,0.095602294,-1.3
Q16595,A,W155R,-0.693116635,-4.4
Q16595,A,S161I,-2.6,-0.1
Q16595,A,S181F,-2.6,1.1
Q16595,A,L198C,-1.0,-1.3
Q16595,A,L200C,-2.0,-1.6
Q16595,A,S202F,-0.1,0.1
Q16595,A,L203C,1.0,-0.3
Q03026,A,A33P,-0.2,0.5
Q03026,A,D35A,-0.7,0.3
Q03026,A,D35P,-0.5,0.1
Q03026,A,W40F,-2.3,-2.9
P81662,A,E2A,0.23,0.1
P81662,A,D9A,-1.26,0.2
Q03689,A,K229A,1.5,0.0
Q03689,A,V239A,1.0,-0.2
Q03689,A,L241A,1.0,-0.3
Q03689,A,V264A,1.1,-0.2
Q03689,A,V267A,0.0,-0.2
Q03689,A,E272A,1.9,-0.0
Q03689,A,S273A,1.4,0.0
Q03689,A,G278A,-0.4,-0.1
Q03689,A,D288A,1.2,-0.0
P84131,A,R244E,4.2,-1.4
P9WGE7,A,G152A,-4.3,0.2
P81708,A,H21G,-0.48,-0.6
P81708,A,I56L,-0.24,-0.2
P81708,A,A93S,-0.26,-0.2
P81708,A,V109K,-0.43,-0.7
Q5SIY4,A,I11V,-0.05,-1.0
Q5SIY4,A,V15I,-0.78,-0.0
Q5SIY4,A,S92F,0.39,1.2
Q5SIY4,A,V126M,-2.25,-0.4
Q8TZE8,A,W60F,-0.910611855,-1.1
Q8TZE8,A,W301F,0.95124283,0.2
Q9NAV8,A,H56V,5.1,-0.7
Q7KIF2,A,E64D,-1.161567878,-0.2
Q7KIF2,A,E64N,-2.304015296,-0.2
Q7KIF2,A,E64Q,-2.3016252390000003,0.2
Q9EYL5,A,E114Q,1.368588,0.2
Q9EYL5,A,T171V,-1.136907,0.8
Q9GZQ8,A,R11A,-0.44,-0.7
Q9GZQ8,A,K49A,0.1,-0.1
Q9GZQ8,A,K51A,0.1,0.1
Q5NV88,A,F2A,-1.9,-0.4
Q5NV88,A,F2L,-1.2,0.0
Q5NV88,A,F2P,-2.5,-0.8
Q5NV88,A,F2S,-1.9,-0.8
Q5NV88,A,F2W,-1.3,-0.1
Q9RA57,A,I8V,-1.52,-0.7
Q9RA57,A,V12A,-1.94,-1.7
Q9RA57,A,L13A,-1.52,-0.8
Q9RA57,A,Y18A,0.06,-0.7
Q9RA57,A,F21A,-1.39,-0.9
Q9RA57,A,Y26A,-4.61,-3.7
Q9RA57,A,V30A,-2.84,-3.3
Q9RA57,A,I39A,-1.39,-3.8
Q9RA57,A,V43A,-2.82,-3.4
Q9RA57,A,V49A,-2.83,-2.7
Q9RA57,A,V51A,-3.24,-3.0
Q9RA57,A,V54A,-3.73,-2.9
Q9RA57,A,L57A,-1.11,-1.1
Q9RA57,A,I80A,-2.79,-2.4
Q9RA57,A,V81A,-2.82,-3.9
Q9RA57,A,V83A,-3.1,-2.2
Q9RA57,A,I89A,-2.35,-3.3
Q97ZL0,A,V84D,-4.493307839,-3.4
Q97ZL0,A,V84P,-4.5172084130000005,-3.0
Q97ZL0,A,Y86E,-2.103250478,-1.2
